항목명1,1990,1991,1992,1993,1994,1995,1996,1997,1998,1999,2000,2001,2002,2003,2004,2005,2006,2007,2008,2009,2010,2011,2012,2013,2014,2015,2016,2017,2018,2019
        쌀,49.814,52.452,53.909,56.506,59.154,61.968,71.721,74.902,79.729,85.274,88.395,88.645,86.237,88.012,89.758,87.371,82.238,84.138,88.522,88.741,81.043,90.052,98.742,104.157,102.321,100,89.68,84.82,107.79,116.83
        현미,,,,,,,,,,,,,,,,,,,,,,,,,,100,96,89.86,103.25,120.39
        찹쌀,51.142,48.776,41.096,68.029,71.332,45.289,60.748,70.124,73.627,69.293,86.864,100.945,76.359,80.428,110.35,90.766,84.118,83.203,105.931,98.519,109.35,108.693,97.12,104.217,99.737,100,95.67,89.34,103.94,120.66
        보리쌀,32.949,32.949,32.949,32.949,32.949,32.949,32.949,35,47.631,51.966,53.985,56.225,56.863,58.272,59.72,59.006,59.05,60.378,62.506,62.978,61.98,65.053,78.826,95.264,103.562,100,100.88,102.77,106.35,104.59
        콩,16.768,17.893,23.566,28.046,32.478,41.035,42.796,38.189,37.95,47.72,57.734,56.56,52.928,56.209,84.652,87.674,79.909,72.692,81.603,81.786,87.236,125.332,116.332,120.304,105.726,100,91.71,117.71,136.34,149.25
        땅콩,23.305,27.388,27.438,28.688,33.617,35.128,35.21,37.154,48.968,45.104,40.072,42.269,42.757,44.516,59.221,58.875,59.022,65.788,70.419,86.093,82.727,81.066,108.366,105.965,98.204,100,100.57,99.12,99.1,106.11
        혼식곡,,,,,,,,,,,,,,,,,,,,,86.865,109.805,105.375,122.535,111.785,100,93.06,89,95.56,103.23
        밀가루,22.739,23.22,25.07,26.056,26.11,26.848,32.534,35.03,52.574,43.522,41.089,43.726,45.818,51.813,57.147,60.294,61.962,67.575,108.115,98.793,84.462,88.91,89.6,98.42,100.896,100,98.92,97.79,98.83,100.5
        국수,25.275,28.656,32.182,34.935,35.025,34.911,37.39,39.884,52.136,51.714,49.376,48.347,47.944,52.516,56.684,59.107,59.398,65.846,93.934,95.432,93.754,100.333,102.897,104.151,103.366,100,98.93,95.68,94.99,93.31
        라면,32.917,33.377,36.135,38.145,41.805,44.179,46.62,47.857,58.973,57.732,57.036,59.446,62.268,66.259,70.364,75.662,75.669,80.467,91.866,94.187,92.85,92.533,99.411,99.921,100.002,100,99.37,104.77,105.11,104.99
        당면,47.899,48.764,49.607,49.88,50.534,56.447,56.659,56.057,64.017,59.077,54.645,53.807,55.296,55.178,55.975,56.707,58.381,64.009,75.163,79.733,80.534,95.931,98.732,99.234,99.909,100,100.33,100.5,102.31,104.47
        두부,25.308,28.545,31.393,35.369,35.82,37.573,40.738,45.362,55.83,55.242,53.562,53.981,54.477,54.58,59.016,60.478,60.483,63.133,73.33,76.297,77.325,92.197,93.601,99.603,100.144,100,101.62,99.16,99.08,100.88
        시리얼,,,,,,48.069,49.058,52.747,63.507,65.858,61.619,61.737,63.355,63.884,67.016,73.845,77.883,82.148,87.508,95.323,96.67,102.462,104.647,99.274,95.737,100,99.37,94.73,92.72,93.85
        부침가루,,,,,,,,,,,39.256,38.556,40.378,43.767,46.636,48.753,48.128,52.263,85.807,92.107,85.99,95.084,100.125,98.545,99.748,100,96.81,99.27,97.96,97.71
        케이크,31.695,35.38,40.322,44.913,52.575,58.478,62.343,64.712,73.981,73.986,73.986,73.986,74.023,74.221,76.336,78.772,80.334,80.334,82.427,86.201,86.247,90.351,92.378,92.647,98.113,100,104.33,111.2,114.55,117.81
        빵,29.961,32.895,34.723,36.498,39.034,42.13,45.307,46.788,60.232,59.797,59.996,60.561,62.385,62.405,62.86,63.374,63.544,64.188,72.738,77.296,78.517,83.587,86.963,93.256,98.896,100,103.78,105.8,112.53,118.04
        떡,31.71,36.85,41.067,48.844,56.709,55.43,58.307,59.254,62.297,64.043,64.752,69.361,70.581,70.997,76.599,77.522,78.077,78.788,84.253,87.871,89.389,93.449,95.804,97.818,99.32,100,100.41,100.98,104.33,112.3
        파스타면,,,,,,,,,,,,,,,,,,,,,,,,,,100,95.59,95.4,95.81,96.42
        국산쇠고기,26.97,30.998,35.195,34.906,35.662,36.901,36.281,33.285,31.677,36.572,43.842,51.1,63.803,70.797,74.793,75.903,82.272,80.703,80.59,89.027,98.379,88.852,86.892,87.76,93.164,100,114.6,113.73,116.53,119.33
        수입쇠고기,,,,,,56.604,58.25,55.991,55.515,54.854,54.869,54,58.085,64.943,72.774,78.426,77.746,73.661,75.759,75.935,77.661,86.71,86.133,87.223,96.545,100,102.2,104.82,106.5,110.28
        돼지고기,36.93,44.171,37.239,36.209,37.523,36.661,34.642,38.372,40.117,41.568,43.121,46.789,50.767,52.114,65.603,69.529,70.462,67.275,78.828,85.612,80.419,102.993,89.019,83.222,96.468,100,100.65,106.87,102.99,98.97
        닭고기,42.566,41.609,41.318,44.491,54.388,54.479,51.778,51.428,59.878,57.231,55.092,61.685,57.787,53.435,69.507,73.609,68.873,66.328,80.793,96.749,98.786,103.528,100.39,105.548,102.167,100,96.67,101.46,99.15,100.49
        소시지,43.614,43.954,43.129,42.144,41.74,42.108,42.21,42.242,49.735,50.549,50.325,50.786,53.726,59.337,62.495,68.029,67.327,67.508,70.948,81.349,81.429,89.992,91.458,87.29,93.46,100,100.23,98.2,97.22,96.81
        햄및베이컨,,,,,,,,,,,,,,,,74.302,74.692,74.655,77.039,85.677,86.299,92.835,94.668,93.578,98.305,100,95.85,92.37,93.8,92.28
        갈치,17.249,22.289,27.835,34.425,40.731,35.894,41.452,51.368,54.186,52.846,50.378,50.701,54.584,53.774,51.973,51.763,50.801,53.213,55.175,64.894,75.38,83.396,95.52,95.496,94.475,100,109.16,106.66,95.28,93.17
        명태,18.245,30.015,41.757,33.178,35.508,41.242,38.904,42.685,44.129,55.84,56.482,66.284,77.174,94.243,84.873,79.738,76.23,75.533,73.965,101.403,113.96,106.135,91.045,90.239,94.754,100,103.02,106,106.34,108.73
        조기,33.993,29.799,30.039,32.243,35.424,34.755,35.801,40.058,49.074,54.234,56.962,56.867,57.698,58.325,59.426,59.032,58.314,61.138,74.489,81.401,83.804,91.661,95.964,99.932,100.717,100,100.03,97.95,97.36,95.35
        고등어,22.408,34.01,42.771,35.878,25.779,31.358,30.882,31.19,36.077,44.337,50.586,65.78,60.253,58.204,72.377,60.329,66.769,65.437,71.163,80.201,86.374,108.753,97.351,95.298,99.877,100,96.54,96.39,97.46,94.3
        오징어,64.095,64.137,45.103,43.949,53.22,49.98,49.047,43.266,45.915,51.259,45.178,47.234,51.843,53.853,63.579,69.838,66.62,56.564,54.754,63.373,84.906,109.583,104.744,98.453,98.963,100,103.65,155.34,187.77,190.65
        게,,,,,,,,,,,,,,,,,,,,,101.723,97.078,97.265,97.737,97.114,100,127.09,126.76,134.55,138.62
        굴,28.931,33.993,40.428,43.227,59.822,61.747,63.866,60.578,61.088,60.63,59.699,56.664,56.122,53.52,60.679,63.272,66.725,65.476,66.451,83.12,84.544,90.052,92.706,89.154,95.132,100,106.97,107.13,104.24,106.16
        조개,18.902,22.158,23.609,24.873,30.644,35.847,36.68,37.938,42.998,45.199,44.725,46.059,56.718,61.909,61.603,62.057,62.341,62.667,63.267,66.815,76.755,77.439,89.772,98.378,99.458,100,106.64,112.11,114.31,115.14
        전복,,,,,,,,,,,,,,,,,,,,,106.01,103.766,115.658,107.772,105.464,100,92.72,90.23,84.05,79.48
        마른멸치,27.783,26.606,25.743,29.218,39.752,55.367,63.198,53.581,45.852,41.317,54.329,69.935,67.436,60.464,59.422,74.563,75.844,75.502,75.452,79.136,91.345,92.936,91.916,99.637,103.215,100,97.95,102.35,103.3,106.78
        마른오징어,47.998,52.135,43.249,36.412,41.745,41.685,41.039,36.134,37.03,44.458,41.988,42.982,49.133,50.641,52.57,59.761,64.732,59.995,56.259,59.098,72.134,99.214,105.262,104.293,100.965,100,100.82,137.16,178.65,204.94
        낙지,,,,,,,,,,,,,,,,,,,,,,,,,,100,98.46,101.73,132.5,130.9
        오징어채,39.193,41.88,41.303,40.73,51.311,49.836,46.22,43.811,52.316,57.735,48.08,45.319,46.457,48.156,50.933,54.234,54.135,53.543,55.111,58.998,70.076,98.747,102.145,99.151,101.08,100,104.39,118.53,140.42,143.05
        북어채,25.9,28.051,33.676,31.427,31.655,31.873,32.553,32.155,34.622,39.118,39.58,42.404,51.22,52.774,53.453,54.648,56.365,57.705,61.749,83.912,96.497,96.666,94.252,94.506,99.291,100,101.4,104.53,104.45,110.54
        어묵,44.618,47.585,57.458,60.25,60.476,60.27,60.054,60.255,63.178,62.154,60.848,60.417,60.676,61.771,61.877,61.877,62.517,62.393,75.268,83.961,83.44,84.448,93.022,98.559,99.474,100,98.86,97.05,105.33,114.94
        맛살,58.323,65.013,73.543,73.648,73.715,73.845,73.728,73.408,81.329,80.941,76.571,72.985,71.887,74.069,75.926,76.393,77.666,77.78,89.073,97.139,96.652,97.7,100.042,100.997,100.96,100,101.64,101.74,101.95,105.78
        생선통조림,29.237,31.012,31.326,32.053,33.595,35.513,36.099,36.77,47.236,46.727,45.291,45.865,48.893,49.251,52.984,56.864,59.337,62.091,71.189,82.391,83.353,86.91,94.346,99.89,100.664,100,99.02,102.1,106.56,107.13
        젓갈,31.118,34.001,39.183,41.582,45.981,49.583,55.278,56.699,63.852,65.462,64.625,68.001,69.587,71.027,72.446,73.86,74.426,74.943,76.759,80.857,83.777,89.881,94.82,94.522,97.29,100,112.75,117.38,122.59,129.27
        우유,26.195,28.378,31.02,35.392,35.979,35.78,39.132,40.369,46.125,44.666,44.334,44.371,44.193,44.847,50.575,58.508,60.61,60.62,69.084,82.287,81.295,82.684,89.684,93.055,99.982,100,99.54,98.83,100.39,105.03
        분유,54.66,56.408,57.415,62.394,62.649,62.608,62.284,62.144,71.114,69.209,76.808,77.148,76.431,76.277,76.847,77.673,78.637,78.824,78.443,81.608,82.903,82.883,89.577,89.885,96.285,100,93.91,90.53,86.65,86.44
        치즈,41.209,44.122,47.888,48.162,48.292,47.03,46.465,46.881,59.771,60.492,59.618,60.323,60.89,61.043,65.357,71.662,71.823,74.421,90.812,101.626,101.734,102.149,101.947,99.887,99.219,100,99.68,100.76,101.09,100.55
        발효유,45.029,48.583,52.156,55.546,55.561,57.626,58.595,59.11,64.607,64.852,64.373,64.268,64.278,64.357,69.895,73.847,73.847,76.925,83.509,86.918,86.918,87.671,92.618,94.98,98.752,100,101.77,101.03,104.13,105.31
        달걀,35.107,32.519,37.348,34.374,38.544,42.086,41.199,43.272,51.457,47.666,42.129,51.513,49.912,49.905,63.347,70.956,61.932,63.724,77.668,83.126,79.466,94.007,88.703,94.94,102.69,100,91.47,131.4,94.49,94.75
        참기름,62.867,62.983,64.447,66.348,70.579,66.531,65.55,65.378,66.182,64.586,60.699,60.37,59.318,59.363,80.694,77.781,70.21,72.051,84.152,95.223,94.012,95.257,95.102,97.558,100.476,100,101.99,99.49,102.7,107.51
        식용유,30.91,35.759,37.272,37.455,39.226,41.275,44.88,48.876,71.56,58.767,46.964,46.565,47.234,51.539,63.6,64.786,66.4,71.916,80.244,92.761,91.828,95.892,96.874,99.388,101.49,100,98.88,95.7,92.2,90.4
        사과,18.61,26.148,28.684,22.859,29.73,32.626,24.006,29.497,33.664,49.327,40.471,47.819,65.414,52.761,76.368,95.987,78.549,86.3,75.094,74.03,83.124,99.895,110.534,112.291,100.422,100,86.57,92.2,97.49,96.14
        배,31.593,50.694,53.719,51.873,61.234,60.682,59.423,70.296,62.468,79.521,65.912,68.378,76.37,77.726,100.417,89.311,77.744,93.473,71.558,71.402,91.553,110.137,123.078,144.411,107.398,100,107.01,99.44,97.86,125.33
        복숭아,20.128,25.864,29.566,29.353,36.115,43.307,45.356,52.645,56.676,56.142,56.437,60.609,67.133,71.027,81.274,88.841,91.248,96.246,90.966,84.739,96.231,122.422,121.197,125.727,117.931,100,100.92,102.27,101.52,100.9
        포도,51.917,65.196,83.244,92.216,97.761,110.856,84.196,87.569,97.087,85.267,83.521,71.017,85.568,95.239,114.991,125.125,108.03,114.142,117.344,109.365,121.891,133.255,140.804,141.285,115.057,100,99.27,113.75,120.12,116.83
        밤,36.874,35.917,35.846,45.366,83.733,53.157,55.829,66.288,52.537,65.008,83.219,79.633,95.153,114.377,132.532,84.162,77.891,82.583,75.527,80.465,78.606,91.038,126.521,132.373,98.712,100,118.28,121.01,108.46,105.54
        감,85.44,110.405,114.432,90.319,128.292,113.683,92.887,109.136,93.361,88.756,65.214,77.048,82.845,78.874,94.696,117.004,89.513,118.018,93.734,103.814,103.415,120.412,134.835,118.025,116.985,100,97.88,115.07,131.61,130.25
        귤,40.04,77.318,70.595,59.76,66.633,105.888,74.804,107.468,80.644,102.156,55.41,79.033,84.325,63.62,85.198,106.735,84.334,109.137,67.663,93.346,90.059,106.469,136.033,108,112.867,100,107.89,192.25,160.81,146.82
        오렌지,,,,,,138.497,120.566,98.12,96.33,115.589,71.673,79.928,92.8,83.285,84.092,81.524,81.992,88.738,85.45,109.64,104.847,99.298,96.453,85.846,100.666,100,92.72,102.38,97.92,82.54
        참외,44.653,53.027,51.648,56.019,59.277,52.338,62.25,63.005,66.438,63.703,63.626,72.811,81.488,92.758,95.436,90.186,98.588,106.66,105.45,106.494,127.955,141.562,133.841,107.633,96.131,100,92.49,93.5,105.04,95.88
        수박,49.142,58.652,58.885,52.143,69.861,66.418,54.567,57.589,60.113,54.86,53.413,62.816,62.492,67.703,88.589,82.999,93.353,93.035,84.397,77.625,104.683,130.88,136.799,138.688,112.952,100,105.66,120.71,135.98,124.08
        딸기,32.198,36.276,47.82,45.968,44.004,46.692,49.046,50.124,51.081,56.474,49.003,56.815,66.012,65.563,68.213,71.899,78.604,88.545,79.767,81.864,97.024,98.099,111.744,87.759,91.463,100,91.58,90.73,101.32,81.69
        바나나,171.573,78.29,55.689,53.589,52.399,52.719,58.874,60.925,88.578,68.411,57.253,57.477,67.686,65.258,63.46,63.712,64.132,62.9,68.846,85.716,77.881,76.018,76.659,95.13,97.016,100,112.52,108.79,106.59,108.03
        키위,,,,,,,,,,,,,,,,94.274,86.732,85.75,82.592,89.34,92.946,96.648,102.503,97.529,105.282,100,90.29,92.91,92.19,94.03
        블루베리,,,,,,,,,,,,,,,,,,,,,,,,,,100,96.56,96.91,96.57,91
        아몬드,,,,,,,,,,,,,,,,,,,,,,,,,,100,97.95,92.74,92.02,89.5
        과일가공품,37.257,43.717,45.412,50.109,52.396,55.087,58.746,60.303,72.329,73.973,70.785,69.729,69.221,67.835,70.732,75.458,75.652,75.665,74.753,75.401,73.559,81.558,99.653,100.568,101.118,100,103.52,104.48,104.44,106.53
        배추,28.187,29.911,37.244,39.681,48.595,49.393,51.064,51.196,57.069,64.793,94.79,77.05,81.718,111.74,84.878,88.219,112.457,101.65,79.081,89.887,162.536,132.778,131.869,157.685,88.453,100,169.62,138.53,141.15,124.55
        상추,22.01,22.902,22.665,31.423,36.745,31.305,35.004,36.489,43.379,47.824,48.986,54.783,59.964,69.199,65.1,73.879,76.846,86.388,66.615,78.219,107.39,88.416,106.35,101.972,87.117,100,117.19,119.57,131.89,126.26
        시금치,25.75,30.154,28.435,33.031,43.811,36.521,46.542,51.387,53.012,50.398,45.858,47.165,54.844,61.028,60.516,64.825,70.249,72.685,66.592,69.444,114.438,92.144,107.278,109.724,82.887,100,128.43,118.84,141.16,125.07
        양배추,49.755,37.076,31.29,38.456,77.045,51.276,45.362,47.234,58.529,71.994,82.377,55.826,54.584,94.169,106.113,79.563,83.342,85.768,88.778,84.674,138.953,124.534,136.197,135.232,76.513,100,133.46,158.51,162.7,132.82
        미나리,,,,,,30.076,28.892,30.807,29.209,34.88,36.778,39.527,43.823,47.755,53.783,52.83,58.659,59.302,62.001,68.917,89.831,87.316,97.74,90.246,91.886,100,114.59,116.11,129.92,124.72
        깻잎,,,,,,40.3,41.684,45.972,41.11,42.967,42.752,48.277,53.196,56.032,57.335,62.442,73.498,75.845,74.674,77.884,88.485,92.031,98.949,95.814,99.745,100,111.23,109.42,123.76,115.8
        부추,,,,,,43.069,44.701,45.639,55.825,62.493,62.044,56.33,56.568,86.062,77.701,69.79,79.38,73.663,75.716,80.537,111.707,111.912,108.502,92.6,86.881,100,114.15,102.52,108.92,107.46
        무,24.965,27.232,44.143,47.727,48.683,54.415,63.921,54.053,65.268,75.204,95.185,82.239,93.432,118.235,110.898,99.547,105.379,105.371,87.693,85.163,168.855,138.534,119.738,115.059,85.256,100,148.44,155.65,181.73,136.16
        열무,61.32,51.487,51.331,50.403,62.507,64.729,60.317,64.631,83.159,95.478,89.213,73.148,73.393,91.234,100.556,98.229,103.885,111.204,101.511,105.555,167.698,162.011,124.025,110.548,94.575,100,125.64,114.04,117.9,129.49
        당근,40.112,49.912,50.431,41.252,65.14,54.743,62.553,62.143,65.259,58.447,61.957,70.278,66.794,81.931,81.956,83.087,96.949,82.997,90.315,96.9,109.539,137.001,115.034,174.252,115.573,100,122.64,149.08,146.61,135.79
        감자,36.876,49.849,40.438,36.488,52.769,50.642,46.063,39.648,51.106,59.357,48.397,53.874,52.708,74.955,89.724,62.647,63.53,73.576,82.463,78.229,96.934,105.538,107.494,86.257,84.747,100,97.07,122.26,148.37,112.57
        고구마,16.171,23.032,26.103,27.472,34.371,34.736,35.092,36.803,39.912,46.628,44.421,59.184,59.277,65.587,73.504,59.457,68.703,74.476,70.943,73.693,81.027,103.654,115.396,93.186,90.494,100,96,102.4,127.89,116.4
        도라지,31.671,33.11,32.634,33.975,40.452,43.594,46.374,50.591,50.33,47.805,46.588,49.333,58.037,64.804,67.525,68.727,68.721,69.173,70.33,74.642,83.88,95.462,98.671,102.966,104.007,100,99.47,100.52,102.6,107.6
        콩나물,34.713,38.066,38.589,41.24,44.893,45.519,46.721,48.178,59.044,60.057,58.293,58.113,60.144,63.744,69.257,70.818,72.365,73.185,81.033,81.628,82.686,90.265,92.758,98.455,99.674,100,100.51,108.65,110,110.46
        버섯,24.612,29.422,31.309,38.675,43.002,46.401,49.924,54.049,54.529,61.094,67.518,72.721,77.919,82.2,84.31,85.823,87.739,85.208,89.391,92.15,91.05,94.168,97.332,97.678,101.777,100,96.93,94.8,93.16,91.79
        오이,23.082,22.645,23.748,23.254,31.826,31.228,31.129,36.03,42.353,42.803,43.465,48.261,52.445,55.893,52.992,60.436,65.382,70.065,63.916,73.092,91.764,87.306,98.027,99.926,92.9,100,107.09,104.73,112.15,115.94
        풋고추,29.115,28.69,28.262,28.747,38.013,32.473,32.555,36.076,38.257,42.998,44.294,51.821,62.984,63.095,63.471,66.194,82.203,78.258,78.286,83.306,98.358,89.727,106.386,98.058,104.125,100,107.81,107.03,106.76,105.1
        호박,36.603,36.747,36.956,39.482,45.713,46.491,44.666,52.733,56.092,71.335,73.807,79.81,83.193,92.437,85.204,89.238,90.108,100.059,86.368,92.972,118.072,112.061,110.891,103.6,99.532,100,110.4,105.23,120.83,102.93
        가지,29.005,26.592,28.712,33.625,33.166,35.749,38.701,38.62,41.771,46.562,58.152,60.042,63.289,73.422,73.814,72.401,76.618,82.645,80.298,79.966,102.356,115.112,113.943,105.634,98.361,100,106.52,110.62,116.74,110.72
        토마토,31.777,41.622,40.152,35.017,40.21,46.422,52.795,53.901,61.144,55.389,49.257,61.298,70.789,83.572,83.957,80.528,84.118,85.071,79.871,81.971,116.686,116.958,124.69,116.386,105.1,100,112.64,117.86,119.45,118.34
        파,26.218,29.96,20.857,29.825,71.016,34.345,34.124,38.031,42.614,49.738,48.749,45.629,48.989,83.199,63.669,62.594,83.467,69.781,70.094,73.348,123.106,98.423,107.254,103.329,71.156,100,120.26,113.59,114.66,95.21
        양파,34.675,46.637,23.226,26.75,59.25,35.176,43.315,47.249,47.481,50.09,51.841,46.531,44.903,82.699,67.523,63.41,75.072,68.488,71.833,83.627,86.14,81.761,87.412,126.546,74.66,100,107.05,115.34,92.93,79.01
        마늘,33.651,27.521,23.444,27.517,43.089,44.579,35.259,42.358,58.064,53.014,43.145,42.29,49.589,51.078,60.635,57.48,58.151,65.572,61.955,60.369,91.814,110.084,101.292,93.978,81.134,100,132.15,123.72,118.72,102
        브로콜리,,,,,,,,,,,,,,,,94.988,90.626,93.5,79.962,87.167,111.226,104.794,134.637,118.63,110.262,100,128.41,116.25,130.06,132.2
        고사리,39.478,34.11,33.728,37.555,40.634,43.618,45.527,45.818,50.136,56.159,56.094,58.291,59.16,62.367,66.76,69.428,69.22,70.204,71.859,78.218,83.981,89.454,94.064,95.924,100.178,100,97.62,97.73,98.99,99.13
        파프리카,,,,,,,,,,,,,,,,,,,,,,,,,,100,110.37,104.6,120.1,105.05
        단무지,33.886,38.025,41.654,43.953,47.341,48.5,51.9,52.696,54.151,57.906,67.017,67.201,66.944,68.061,72.663,73.612,74.275,74.833,81.875,83.078,84.94,92.346,94.35,97.405,101.806,100,93.79,92.54,95.76,99.08
        김,71.878,75.664,57.278,58.953,60.151,57.939,57.326,57.94,68.006,68.88,66.027,65.069,64.987,65.614,65.977,67.595,68.603,69.656,73.74,75.874,78.55,82.582,87.146,93.247,98.955,100,107.61,129,139.28,141.82
        맛김,49.662,52.401,51.834,50.191,50.87,51.593,51.812,52.435,54.564,54.603,52.53,52.631,52.884,53.533,55.017,56.689,58.881,67.332,72.547,78.811,81.379,88.275,95.057,96.851,98.007,100,102.94,111.38,114.42,112.8
        미역,23.801,27.105,34.071,39.416,40.656,40.877,41.044,41.096,42.873,42.795,42.195,42.298,42.843,43.152,43.43,44.319,46.627,48.843,55.991,61.997,62.422,68.025,86.469,95.633,98.062,100,100.36,101.18,104.47,105.03
        초콜릿,30.154,30.138,30.172,30.338,30.372,31.164,31.281,36.133,50.027,55.894,55.741,54.97,55.104,54.886,54.199,53.85,53.437,56.372,69.588,78.864,81.074,81.283,81.466,81.918,95.618,100,100.14,99.38,99.85,102.47
        사탕,23.863,23.949,27.393,29.171,29.713,29.674,32.374,35.611,50.786,52.586,52.106,51.707,51.702,52.762,56.205,58.385,59.547,60.973,67.813,75.485,75.114,84.423,91.426,98.973,102.025,100,98.47,97.47,97.36,97.06
        껌,21.444,21.575,21.654,21.69,28.372,32.098,38.402,46.316,74.514,78.376,77.128,75.817,74.956,74.93,74.725,74.795,75.02,78.466,87.939,95.742,98.896,99.349,101.565,101.526,100.41,100,99.01,97.2,95.57,93.65
        아이스크림,25.028,25.347,25.654,30.483,35.221,38.261,41.808,47.257,64.229,65.643,64.56,63.36,62.15,60.59,59.573,61.396,62.215,60.998,69.777,76.959,77.372,84.556,87.952,89.309,96.162,100,99.84,97.06,96.27,98.14
        비스킷,13.244,13.369,15.011,15.262,16.194,19.033,19.293,28.969,39.743,37.055,36.939,36.358,36.427,38.861,40.395,41.991,44.1,47.812,63.325,71.988,72.034,80.391,82.396,87.783,99.2,100,100.49,103.44,100.93,100.95
        스낵과자,22.352,23.172,23.157,23.115,23.043,24.623,32.511,37.239,42.815,42.058,42.395,51.773,51.911,51.932,52.957,58.995,59.418,65.031,76.621,81.281,79.738,85.394,90.246,93.47,99.432,100,99.28,103,104.24,107.86
        파이,27.929,29.228,29.662,30.961,31.316,33.586,41.472,42.813,46.894,46.241,44.996,44.058,49.675,51.355,51.04,50.984,52.169,58.487,69.265,72.239,72.398,72.591,74.992,85.029,98.047,100,88.94,86.83,87.88,88.4
        설탕,36.291,35.831,35.524,38.198,38.661,41.829,43.517,48.124,75.447,63.443,52.335,56.281,56.731,55.178,55.095,55.466,65.371,65.921,66.273,77.625,82.025,100.617,104.144,100.771,100.395,100,99.46,99.81,100.38,101.17
        잼,,,,,,,,,,,,,,,,,,,,,83.765,89.594,94.906,99.778,99.199,100,100.37,103.38,104.96,104.54
        꿀,54.51,57.332,60.557,63.081,63.59,63.638,63.633,63.267,64.014,63.315,62.615,63.152,64.393,66.095,70.603,92.2,86.737,85.031,88.519,90.425,90.932,98.184,99.208,100.734,99.782,100,102.25,112.56,115.03,118.01
        물엿,,,,,,34.073,37.469,39.542,49.748,47.991,44.992,44.152,45.749,45.716,48.299,49.71,50.074,53.408,65.606,73.558,74.088,86.737,95.995,98.803,101.151,100,100.22,101.53,99.46,100.16
        고춧가루,19.239,26.787,35.725,35.524,33.832,41.609,41.342,33.128,37.875,45.575,43.609,47.323,45.626,48.581,57.546,55.393,56.307,60.188,58.638,63.631,67.08,101.042,139.755,110.881,94.622,100,96.04,103.52,137.64,135.06
        참깨,37.166,37.342,37.131,39.196,47.316,45.964,46.466,50.143,53.564,55.038,56.704,55.523,54.687,61.189,75.634,71.145,72.758,73.191,79.973,91.279,91.291,94.729,97.262,98.473,98.284,100,99.71,100.26,104.17,107.39
        생강,21.972,27.261,27.097,38.425,50.879,40.982,35.723,64.908,48.321,27.081,36.217,78.675,46.944,36.927,53.471,60.657,43.023,47.177,42.264,73.354,78.585,64.099,73.641,82.832,84.096,100,76.17,58.44,97.01,156.79
        소금,20.56,24.753,26.785,30.306,32.93,33.316,33.729,36.603,42.775,44.703,43.904,43.801,43.743,44.236,51.312,51.947,52.081,52.319,55.11,60.421,61.336,78.881,98.159,97.709,98.413,100,99.98,99.98,99.59,100.27
        간장,12.374,12.91,14.653,16.149,17.344,18.96,20.174,24.254,30.846,31.097,30.514,36.853,37.11,41.392,45.293,45.825,45.767,51.717,64.456,68.745,70.855,81.441,92.358,98.044,100.077,100,100.62,105.92,108.37,109.18
        된장,20.591,23.106,25.204,26.286,28.273,33.03,40.102,42.021,45.247,41.773,41.576,44.042,44.489,49.072,54.518,56.44,56.619,58.274,68.29,77.582,79.063,87.443,92.971,97.714,99.159,100,100.91,98.5,100.18,99.9
        양념소스,,,,,,,,,,,49.687,49.795,57.186,59.278,62.926,64.752,68.639,67.829,71.213,82.801,83.571,90.515,97.702,96.298,100.339,100,99.68,98.02,97.65,96.79
        고추장,17.618,18.75,20.36,23.023,25.737,28.921,33.059,35.65,38.147,36.462,36.726,39.064,39.269,43.674,47.616,48.28,48.352,52.29,56.53,61.727,66.102,79.927,92.762,97.128,99.272,100,99.65,100.34,101.19,106.77
        카레,27.456,28.715,30.127,31.559,32.827,34.569,37.284,40.655,48.508,49.252,49.017,48.935,52.104,54.232,54.375,55.485,55.864,61.234,68.11,77.812,85.859,97.901,103.591,102.876,101.834,100,102.35,103.25,106.27,106.14
        식초,,,,,,,,,,,,,,,,,,,,,,,,,,100,101.2,106.08,109.92,115.13
        드레싱,42.809,42.906,43.004,42.982,42.627,43.597,48.628,48.569,60.3,58.967,52.959,51.732,51.415,54.777,61.449,63.696,64.859,69.583,79.285,86.699,86.365,98.24,99.775,100.43,101.414,100,101.89,103.68,104.63,104.87
        혼합조미료,26.138,26.289,26.484,26.707,27.038,27.315,27.422,29.63,39.029,39.596,39.783,41.597,42.927,43.858,45.728,46.765,48.839,50.063,54.007,64.971,67.272,69.273,75.984,81.094,85.825,100,102.3,107.15,110.4,117.51
        스프,,,,,,,,,,,,,,,,,,,,,89.134,102.893,105.137,105.474,105.656,100,107.99,116.17,122.75,124
        이유식,20.534,20.533,20.999,28.587,34.439,34.479,37.172,37.071,45.371,45.793,61.957,60.14,69.417,80.129,79.871,79.869,79.783,79.576,88.148,93.917,94.99,95.235,95.482,96.45,96.926,100,98.4,99.93,92.69,98.84
        김치,20.092,22.178,25.099,29.378,33.747,34.809,35.523,38.795,42.021,42.36,45.286,48.788,52.542,55.621,63.763,70.267,71.959,71.971,72.065,75.103,81.21,86.177,96.133,101.37,100.537,100,107.94,111.1,109.08,109.44
        밑반찬,,,,,,,,,,,,,,,,,,,,,72.982,84.72,92.389,94.413,97.795,100,102.13,104.61,108.61,112.01
        냉동식품,33.099,33.143,33.371,32.96,32.668,35.466,38.162,38.142,49.468,49.427,50.745,51.841,53.567,58.088,60.181,67.046,70.135,72.94,78.784,83.07,83.472,89.697,93.937,94.559,95.155,100,99.82,96.36,97.7,100.09
        즉석식품,,,,,,,,,,,67.771,69.025,69.256,73.034,76.987,75.537,75.814,75.889,75.662,75.121,77.361,90.077,95.287,99.303,99.177,100,99.38,100.94,105.14,109.03
        삼각김밥,,,,,,,,,,,,,,,,,,,,,94.013,96.739,97.116,99.726,100.154,100,99.39,100.34,104.8,109.66
        커피,32.08,32.07,32.289,32.178,34.938,41.826,42.917,46.407,69.542,65.596,55.577,55.929,55.883,58.62,59.671,63.262,68.897,73.414,80.146,86.766,89.151,94.173,98.199,99.328,98.393,100,100.42,94.84,95.66,96.28
        차,45.86,46.487,49.139,52.383,54.248,54.551,59.487,65.442,73.124,73.692,76.11,76.072,76.028,77.195,78.159,79.092,79.691,80.311,85.959,88.49,88.708,91.591,96.072,96.226,98.167,100,97.39,97.94,96.49,96.92
        주스,41.071,42.153,45.74,48.592,51.003,51.934,53.119,53.729,58.711,59.057,58.567,58.846,59.382,59.592,62.106,63.195,63.474,68.429,77.298,85.618,88.884,97.522,101.913,102.328,101.183,100,99.05,98.3,96.93,96.78
        두유,29.933,32.176,35.994,38.039,39.046,39.001,39.826,41.822,50.058,51.738,51.851,51.385,51.463,55.879,58.527,64.839,67.519,68.437,78.312,89.343,89.575,89.709,92.479,99.054,99.875,100,99.6,102.22,108.95,112.39
        생수,,,,,,74.609,80.732,81.739,82.372,82.174,82.564,82.496,82.496,82.282,82.145,82.331,82.448,86.962,87.827,88.808,87.936,94.143,100.013,99.308,99.422,100,99.92,100.05,104.19,109.53
        기능성음료,41.867,45.832,55.551,56.574,56.246,65.641,68.409,63.662,66.221,63.585,62.305,69.453,71.332,72.973,73.263,75.618,76.575,76.568,77.009,86.586,90.568,92.515,93.318,93.853,94.142,100,102.55,102.29,102.79,103.22
        탄산음료,28.843,30.144,33.95,35.488,38.355,39.533,40.366,42.556,46.417,46.967,43.717,45.439,45.385,47.741,50.269,53.388,54.789,56.707,61.293,67.232,70.142,76.807,82.408,87.243,93.315,100,99.54,104.21,104.54,105.6
        혼합음료,,,,,,,,,,,64.901,64.479,64.036,63.592,64.598,66.177,66.845,68.438,71.978,77.834,82.419,86.616,89.563,95.825,98.785,100,101.48,102.42,105.14,110.47
        소주,34.334,37.79,41.693,44.617,47.551,48.283,49.771,50.966,56.884,57.057,68.944,68.415,72.143,76.584,81.76,83.524,83.761,86.719,88.563,94.591,93.928,92.089,91.846,99.004,99.037,100,106.4,112.37,113.35,117.47
        과실주,,,,,,,,,,,94.639,93.314,93.795,94.063,94.323,94.93,96.172,96.165,96.702,95.152,96.623,96.253,95.351,101.049,99.317,100,99.21,95.39,97.29,98.14
        맥주,52.712,54.683,62.176,68.696,70.261,73.947,79.129,82.555,89.075,88.717,85.718,84.033,83.512,88.175,88.29,89.577,86.733,86.144,88.278,91.42,93.777,93.839,95.723,98.955,99.371,100,100.76,107.02,107.45,108.72
        막걸리,47.339,52.629,57.495,60.72,63.622,66.044,72.363,77.202,91.398,93.198,92.645,92.035,91.919,91.75,91.672,91.61,93.107,97.664,98.473,99.297,98.558,99.1,98.377,99.256,99.287,100,101.81,104.73,106.32,106.8
        양주,88.134,85.481,80.697,79.208,71.428,69.744,68.083,69.443,88.696,92.634,81.976,78.886,78.419,78.662,79.211,79.85,81.579,82.983,85.571,87.793,90.473,92.667,93.06,97.488,97.928,100,100.01,100.35,101.69,102.18
        약주,,,,,,,,,,,79.599,78.617,78.51,78.292,80.627,81.946,81.728,82.978,83.757,89.93,92.524,93.688,94.179,99.047,100.438,100,99.43,99.79,100.17,104.07
        담배,17.948,18.271,18.271,18.634,22.614,22.814,26.253,28.938,28.938,33.202,33.202,37.319,42.463,42.931,42.931,54.618,54.618,54.618,54.618,54.618,54.618,55.31,56.355,56.409,56.304,100,100,100,100,100
        남자외의,63.643,64.375,64.645,65.488,65.361,64.464,62.422,61.777,61.777,62.271,64.115,64.714,66.616,67.385,62.79,65.333,72.205,74.372,74.971,76.932,79.726,82.471,87.328,91.986,95.898,100,101.49,101.98,103.06,103.61
        남자상의,59.553,61.414,63.051,65.106,65.885,66.982,67.852,67.852,67.852,70.325,71.604,73.083,73.823,74.11,74.432,75.167,78.405,81.11,82.538,86.126,90.639,93.124,94.37,96.461,100.311,100,102.02,103.04,101.53,102.47
        남자학생복,49.13,50.245,50.818,53.44,56.899,61.37,68.014,75.557,79.304,79.999,83.179,83.817,76.449,81.821,86.111,90.338,100.11,102.896,101.293,109.844,103.65,105.196,117.254,121.526,119.8,100,95.59,100.44,105.37,65.86
        남자하의,,,,,,,,,,68.948,66.156,71.515,71.515,71.515,71.515,71.515,71.515,72.338,75.079,78.786,82.004,84.738,89.354,91.462,95.636,100,101.71,101.92,102.66,103.14
        남자내의,52.904,53.521,54.999,54.858,54.818,57.495,58.458,59.723,63.469,65.851,66.046,65.214,65.215,65.936,66.448,66.304,65.625,65.697,67.128,76.584,82.788,93.852,98.024,99.097,99.43,100,100.41,100.37,100.36,100.81
        여자외의,46.879,52.098,60.145,60.145,60.145,59.9,60.035,60.035,60.035,60.35,61.383,62.611,67.132,70.037,70.681,70.75,71.658,74.112,76.565,81.72,85.96,87.881,91.162,93.463,99.574,100,104.18,105.24,107.49,107.47
        원피스,64.478,67.868,77.257,77.313,77.329,78.038,78.489,78.489,78,76.285,76.285,76.285,76.679,78.65,76.87,74.264,77.754,80.477,83.348,85.403,85.017,88.56,94.274,96.157,97.269,100,101,102.94,105.98,105.41
        여자상의,51.472,56.277,61.265,61.794,62.765,63.741,66.467,66.272,66.029,65.176,66.999,68.338,70.77,74.341,76.127,76.127,76.127,76.127,80.701,84.26,85.049,88.238,90.887,92.943,98.245,100,101.6,102.44,100.93,100.08
        여자학생복,48.036,49.297,49.929,52.52,55.942,60.325,67.348,74.851,78.631,79.38,83.15,84.113,77.248,82.236,86.863,91.236,101.18,104.859,102.031,111.184,103.766,104.916,117.557,121.314,119.488,100,95.91,100.07,104.56,67.5
        여자하의,,,,,,69.727,69.727,69.727,69.727,69.727,72.888,76.059,77.316,77.48,72.062,70.131,75.054,77.661,79.491,84.068,84.658,84.7,87.863,91.465,98.662,100,103.41,105.28,104.76,104.75
        여자내의,53.496,55.029,57.241,59.351,67.682,70.334,72.976,74.546,76.897,81.52,80.666,81.083,83.946,85.391,84.712,84.072,83.589,83.371,83.996,89.041,91.016,92.185,95.324,96.7,98.308,100,102.45,102.58,104.54,105.33
        점퍼,52.917,54.596,56.196,58.833,59.82,59.82,58.52,58.086,58.086,58.28,60.314,64.609,66.192,69.642,67.202,68.812,72.907,76.922,78.133,80.817,84.367,88.106,89.468,91.853,98.201,100,100.04,100.33,101.61,105.09
        티셔츠,34.722,37.698,39.866,45.135,47.494,49.962,55.019,56.784,56.784,56.784,58.814,61.912,64.029,65.99,65.99,67.972,70.555,74.128,76.733,82.848,86.371,87.882,92.733,95.035,97.943,100,101.35,102.19,102.2,102.54
        스웨터,43.893,46.442,53.889,54.053,54.079,56.183,57.119,58.074,60.255,61.29,62.866,66.333,69.443,75.241,79.294,80.255,82.736,86.754,88.232,88.961,91.332,96.141,98.883,98.898,98.918,100,104.84,104.91,104.91,105.79
        청바지,53.924,55.903,58.323,61.686,63.513,64.683,58.328,59.923,75.64,77.548,76.012,76.012,76.012,76.012,76.012,76.392,77.538,77.538,78.226,80.53,81.739,82.066,85.732,95.889,96.574,100,100,100,100,102.7
        운동복,36.726,45.239,52.744,53.646,56.041,57.029,57.029,57.029,57.029,57.029,57.002,57.002,59.106,59.804,58.93,59.41,61.544,63.281,63.871,66.648,71.133,75.796,82.425,89.514,96.395,100,99.82,102.07,102.87,103.39
        등산복,,,,,,,,,,,,,,,,,,,,,88.248,91.632,93.052,94.644,97.867,100,100.43,100.43,102.21,102.14
        아동복,48.279,52.406,55.556,58.416,60.195,59.817,61.417,62.498,62.498,62.498,65.688,69.432,69.958,76.373,81.781,79.709,72.287,71.769,75.012,78.772,82.108,85.844,91.375,96.857,98.686,100,102.12,105.9,106.63,105.07
        유아복,,,,,,53.463,54.776,55.676,55.818,57.379,59.79,61.584,62.232,64.514,67.283,70.43,74.481,76.377,80.004,83.222,84.716,87.567,93.266,95.646,99.149,100,101.54,104.06,103.32,102.03
        양말,70.678,71.25,72.204,73.529,74.843,75.997,77.485,78.758,84.547,86.922,86.973,87.125,87.864,88.835,89.306,89.625,89.655,89.521,89.229,90.895,92.471,95.476,98.097,98.746,99.777,100,99.41,99.51,99.12,99.09
        모자,62.486,64.691,65.834,65.945,68.641,74.53,77.003,77.003,77.003,77.003,77.22,81.531,82.625,87.619,87.819,87.362,87.362,87.362,93.827,97.059,97.059,97.059,97.059,97.059,97.059,100,105.89,106.44,110.93,108.41
        넥타이,56.503,58.19,59.163,61.568,62.385,62.459,62.604,62.927,64.348,69.979,72.078,70.775,72.288,72.288,72.288,72.288,75.999,78.758,83.276,83.511,86.096,86.512,89.199,93.528,100,100,100.05,100.3,100.35,100.44
        장갑,52.775,52.827,52.822,53.085,53.879,56.384,58.118,58.396,62.113,58.828,58.147,57.813,57.168,57.537,58.82,58.976,58.902,59.551,60.725,66.524,68.415,89.848,97.424,98.379,98.595,100,100.95,100.98,101.46,103.97
        의복수선료,47.838,53.423,59.621,65.418,65.195,66.707,70.214,73.571,79.084,78.167,77.673,77.932,77.666,79.42,81.543,83.278,83.93,84.353,86.526,89.877,91.313,92.782,94.594,96.108,98.191,100,101.09,103.39,105.44,108.3
        세탁료,57.922,68.019,75.306,85.062,87.697,87.362,92.087,94.206,94.832,85.411,81.168,79.22,80.133,83.015,84.219,85.159,86.273,87.338,91.688,94.634,94.901,96.531,98.474,99.001,99.556,100,100.93,102.62,104.3,106.12
        의복대여료,,,,,,,,,,,,,,,,,,,,,87.427,89.605,90.991,92.442,94.538,100,102.19,104.43,107.33,110.22
        구두,44.029,44.253,44.539,45.368,45.687,46.523,47.43,49.54,51.421,53.383,55.68,59.478,64.459,69.885,73.818,75.576,75.815,79.336,82.812,85.016,86.578,91.607,96.041,96.022,99.089,100,104.44,105.79,111.29,113.13
        운동화,57.118,58.504,61.554,61.529,60.945,60.506,70.838,73.173,78.779,86.418,88.296,85.456,89.09,90.819,90.142,89.561,90.27,88.927,89.621,92.315,90.83,91.012,97.367,95.041,98.387,100,102.55,103.24,103.25,103.25
        실내화,52.391,55.459,57.352,58.536,58.712,58.707,59.818,60.742,74.955,83.658,78.285,72.321,70.227,70.442,70.567,70.971,70.734,70.527,72.951,88.564,92.571,96.83,98.598,99.225,99.439,100,100.74,100.49,100.95,101.19
        전세,45.294,50.575,54.095,57.065,59.1,61.217,63.534,65.85,66.105,63.171,62.815,65.928,70.685,73.819,75.374,75.425,75.972,77.675,79.624,80.994,82.71,86.529,90.796,93.666,96.503,100,103.17,106.14,107.67,107.86
        월세,58.055,64.796,70.569,75.087,78.498,81.863,84.312,86.188,86.912,84.312,84.134,85.817,87.486,88.573,88.727,87.773,87.495,88.248,89.755,90.882,92.111,94.536,97.155,98.763,99.708,100,100.37,100.51,100.23,99.81
        주택수선재료,31.52,34.013,34.782,35.229,36.484,41.754,45.332,48.325,62.896,63.794,65.343,68.267,69.922,70.848,74.126,79.038,80.033,80.046,85.427,90.709,90.472,92.771,96.744,98.386,99.874,100,99.82,100.16,103.27,105.56
        설비수리비,27.03,34.643,38.722,40.096,43.781,47.859,51.296,55.535,54.602,53.262,55.336,58.287,62.041,67.15,71.365,73.558,74.723,75.66,77.72,79.46,80.063,84.959,89.448,93,95.681,100,102.83,108.87,115.05,120.7
        상수도료,18.034,20.145,21.063,22.615,24.715,28.18,31.445,33.386,39.273,46.318,56.345,64.544,69.404,76.114,79.331,82.234,84.825,88.107,90.937,91.101,91.272,93.06,96.07,97.236,98.029,100,102.7,104.23,105.56,105.46
        하수도료,12.467,12.467,12.467,12.467,13.53,14.218,16.677,19.265,21.044,23.581,25.049,31.15,34.386,38.602,44.023,49.153,53.849,56.569,61.158,61.847,63.625,66.303,76.261,81.58,91.061,100,116.98,131.46,141.38,147.65
        공동주택관리비,28.213,33.983,37.922,43.81,50.598,52.002,55.758,58.396,58.319,55.793,56.002,57.626,58.792,61.624,65.473,68.042,70.843,73.7,77.566,79.759,81.365,83.772,87.407,93.367,96.254,100,103.72,109,114,119.46
        쓰레기봉투료,37.978,44.415,46.072,46.142,46.146,46.146,51.456,61.293,65.938,69.188,73.403,78.671,78.273,81.301,85.474,86.965,88.885,91.509,95.409,95.576,96.626,96.626,96.528,96.629,97.541,100,105.44,109.74,111.31,111.87
        정화조청소료,65.436,72.615,74.581,76.065,76.756,77.394,78.69,79.574,80.548,81.54,81.625,81.76,82.556,83.229,84.23,85.066,85.768,86.569,87.044,89.256,91.29,93.26,96.092,97.805,98.592,100,101.36,102.42,104.98,107.2
        전기료,67.933,72.266,80.285,81.341,81.341,81.722,81.994,84.038,91.825,92.622,93.014,97.26,95.935,92.789,90.379,89.635,90.979,91.338,91.338,91.338,92.116,93.958,95.878,99.476,101.708,100,95.88,89.83,87.2,87.41
        도시가스,30.854,30.622,31.051,32.272,31.556,31.945,32.948,35.68,48.834,45.63,52.08,61.828,55.392,58.3,60.126,62.88,72.017,75.512,80.877,86.163,89.717,97.707,105.167,111.662,118.818,100,82.68,85.55,81.87,84.75
        취사용LPG,22.531,23.382,24.438,25.005,25.804,26.602,27.718,31.525,44.041,36.836,43.886,50.826,49.177,55.031,59.485,63.962,70.7,75.402,99.912,87.198,100.89,112.803,117.021,115.828,117.917,100,94.47,102.54,107.66,104.8
        등유,18.287,21.824,22.702,24.421,24.189,25.1,30.265,36.661,48.934,46.024,56.617,59.787,57.986,66.915,78.971,90.642,97.008,97.627,128.524,100.852,111.603,137.49,143.621,141.286,135.435,100,82.79,89.49,98.3,100.73
        연탄,37.557,40.167,42.081,43.853,46.423,47.749,48.95,49.556,55.76,55.39,55.143,55.295,55.322,56.646,58.635,60.363,61.641,66.198,78.257,85.411,99.112,99.063,99.213,99.8,100.027,100,103.05,113.64,130.48,148.39
        지역난방비,,,,,,,,,,,,,,,,55.603,64.215,65.786,73.998,81.057,81.748,81.864,92.824,97.694,100.136,100,83.19,81.12,79.03,80.31
        부탄가스,,,,,,,,,,,47.755,49.24,50.112,51.182,52.874,55.552,60.807,60.631,70.705,78.233,81.766,91.891,98.985,99.995,99.828,100,98.4,98.94,97.56,96.73
        장롱,41.684,45.193,43.05,44.863,49.333,50.151,53.018,50.09,57.709,53.665,54.538,57.96,60.092,64.474,67.097,71.893,73.9,78.057,81.862,87.931,91.177,98.352,101.696,97.243,98.402,100,107.36,109.42,116.77,122.52
        침대,36.878,41.393,42.059,44.32,50.141,53.28,58.152,58.702,59.523,59.657,59.582,60.981,61.259,66.781,70.772,75.033,76.815,81.842,86.125,90.145,92.629,96.266,98.768,98.768,99.589,100,103.98,107.87,115.06,127.22
        거실장,48.58,52.052,54.875,56.82,64.16,64.293,64.309,56.879,56.316,53.921,53.733,56.598,57.539,60.794,63.866,67.859,69.584,73.328,77.852,84.813,86.453,92.187,94.869,93.992,98.723,100,103.05,105.18,110.34,114.08
        소파,46.167,52.139,52.075,53.741,56.605,58.251,65.1,67.376,70.722,62.027,62.916,67.556,71.65,78.215,78.603,82.042,83.067,85.358,91.073,99.606,101.076,104.672,105.977,98.954,94.651,100,108.52,115.9,120.68,126.07
        책상,43.612,45.564,45.591,47.306,50.707,52.655,55.512,56.561,59.129,56.359,56.118,60.196,64.643,66.785,69.876,73.817,75.386,78.413,82.504,86.809,86.809,92.582,94.101,92.136,95.1,100,103.36,107.78,117.22,119.89
        의자,37.963,40.352,40.416,41.156,44.314,45.493,49.671,51.081,58.331,58.463,58.652,62.665,65.857,71.307,71.542,71.695,71.103,70.727,70.685,76.068,80.966,86.796,91.769,96.948,95.779,100,99.68,91.55,90.8,93.55
        식탁,32.39,32.805,33.136,34.588,40.331,40.524,40.578,40.986,46.752,50.359,51.07,54.683,57.057,62.342,62.462,65.284,67.411,70.001,74.246,83.693,86.196,92.309,95.419,93.699,93.975,100,105.67,111.95,117.55,120.54
        싱크대,62.052,65.151,68.322,68.886,68.98,70.436,71.458,71.569,79.173,78.11,68.523,68.163,68.425,68.471,68.528,68.608,73.211,78.728,83.244,90.043,88.042,90.602,94.086,96.928,99.764,100,103.96,105.46,109.23,115.98
        침구,69.325,72.496,73.328,74.275,76.06,77.599,78.407,79.169,83.895,85.286,85.19,83.862,83.856,83.38,80.676,76.094,76.05,77.413,82.585,89.829,91.9,98.687,101.246,101.621,100.312,100,101.45,102.73,103.83,105.77
        커튼,77.434,78.991,82.324,85.878,86.798,87.712,88.319,88.371,92.23,93.341,93.072,90.785,91.924,91.754,90.831,90.404,90.857,91.045,90.804,91.595,92.393,98.106,99.468,99.875,100.916,100,97.85,96.55,96.56,96.21
        전기밥솥,132.043,131.801,131.12,130.867,131.878,131.8,133.853,136.15,137.391,133.932,128.572,126.086,123.6,121.34,114.418,112.025,109.318,103.149,100.685,109.309,110.158,109.149,108.001,109.191,100.831,100,101.47,96.08,105.53,93.82
        가스레인지,85.171,88.375,88.421,92.315,93.114,93.075,92.989,92.981,92.245,89.857,83.705,81.69,77.826,77.665,77.748,88.044,88.081,86.966,89.461,93.679,94.698,93.624,93.452,97.667,104.377,100,106.17,94.73,96.48,91.51
        전자레인지,149.225,148.744,147.589,146.755,141.537,128.342,124.974,124.408,119.927,114.175,102.567,101.259,101.644,100.277,100.524,101.319,100.315,100.281,96.085,98.955,100.036,101.536,102.863,101.045,99.63,100,103.97,102.75,103.64,105.29
        전기레인지,,,,,,,,,,,,,,,,,,,,,,,,,,100,82.85,73.35,77.8,75.79
        냉장고,120.195,120.678,121.266,120.376,116.333,103.652,99.324,96.75,93.536,95.187,87.99,88.473,88.488,88.899,86.89,84.572,88.159,87.264,85.946,85.495,84.981,84.209,85.632,88.732,96.736,100,98.22,94.28,92.14,92.85
        김치냉장고,,,,,,,,,,,130.3,125.761,127.9,132.634,126.033,118.201,105.685,103.637,99.028,98.24,92.474,95.526,92.048,88.398,95.614,100,96.05,92.36,90.8,92.61
        에어컨,92.839,97.456,98.386,96.107,96.979,98.765,101.341,104.213,106.32,102.715,113.49,115.192,104.705,98.388,93.376,89.182,88.982,88.358,98.107,100.499,96.856,96.178,96.395,95.849,97.839,100,102.38,108.3,109.95,112.12
        선풍기,54.21,54.195,54.431,54.618,54.854,59.012,61.053,61.21,61.279,61.476,61.633,65.084,66.317,60.56,56.395,56.508,56.725,57.742,60.389,75.214,78.812,86.063,93.705,94.968,96.344,100,100.83,90.04,85.7,89.5
        공기청정기,,,,,,,,,,,,,,,,120.511,117.951,116.545,105.639,108.271,106.316,107.025,109.605,113.003,104.603,100,106.22,108.08,106.21,102.04
        세탁기,212.879,212.879,212.91,213.184,205.182,182.916,175.738,168.026,161.381,151.704,128.072,125.169,127.827,113.89,102.153,90.3,87.508,86.311,86.326,87.327,86.831,88.141,89.644,90.105,92.997,100,102.37,105.79,106.64,107.4
        청소기,139.385,139.467,139.399,138.439,160.69,164.515,164.515,161.801,154.754,146.541,130.614,129.209,127.696,126.695,113.698,104.606,92.003,89.902,95.576,97.869,94.557,91.586,92.073,90.192,93.991,100,108.06,106.92,105.25,105.02
        믹서,85.213,85.22,85.317,84.299,83.115,83.115,82.921,82.782,90.332,92.625,92.777,91.092,88.502,89.979,88.741,88.115,87.446,86.602,99.119,103.106,102.739,103.03,102.07,102.646,102.73,100,97.74,97.01,93.95,83.96
        보온매트,,,,,,,,,,,,,,,,,,,,,94.432,94.597,94.644,94.644,95.537,100,101.63,101.65,102.98,108.88
        비데,,,,,,,,,,,,,,,,119.032,117.494,114.14,108.306,106.748,101.292,95.197,97.031,97.158,97.586,100,101.22,92.19,88.51,100.35
        가전제품수리비,,,,,,,,,,,65.067,65.067,65.067,65.067,70.842,73.721,78.046,86.696,86.696,86.696,86.696,86.696,86.696,86.696,94.282,100,108.12,115.06,123.32,125.77
        가전제품렌탈비,,,,,,,,,,,,,,,,,,,,,90.736,90.736,90.736,94.862,95.599,100,101.31,102.85,103.13,103.51
        식기,32.424,34.824,36.305,39.761,40.442,44.036,46.006,48.935,56.841,59.181,58.977,65.428,68.494,72.645,70.882,70.636,71.56,77.75,84.145,82.398,81.163,80.784,87.513,89.477,90.29,100,101.63,106.5,109.42,112.48
        컵,40.095,41.652,43.229,47.557,48.727,52.476,53.136,54.26,61.159,62.913,62.3,70.275,73.162,78.577,76.89,76.154,76.82,82.842,88.661,87.297,86.268,85.973,90.526,90.247,91.175,100,99.21,94.91,92.63,91.38
        솥,74.065,74.027,73.958,74.29,75.015,75.009,75.221,75.103,74.984,74.634,74.421,75.06,74.775,75.035,76.028,78.645,78.514,81.234,85.96,87.526,87.33,91.485,94.193,94.703,98.78,100,96.69,98.51,99.2,100.28
        프라이팬,58.22,60.701,62.241,63.143,64.381,68.459,71.078,71.363,80.291,80.353,78.18,77.444,78.062,79.587,81.887,84.193,85.295,89.364,95.257,100.772,103.442,103.976,102.605,102.344,102.206,100,100.5,99.6,96.72,94.84
        냄비,64.38,69.902,74.829,74.466,74.279,75.136,75.511,75.343,80.496,81.228,80.239,79.416,78.059,77.691,79.724,80.767,80.336,83.984,88.385,91.252,92.623,94.252,97.224,98.871,100.103,100,100.93,99.79,99.28,98.47
        수저,46.85,50.271,51.106,52.128,54.111,57.894,60.008,60.519,66.323,67.423,67.367,67.586,67.574,67.288,74.271,78.183,79.277,84.307,90.113,91.878,91.988,93.713,95.906,97.261,99.171,100,100.83,100.37,101.23,102.87
        밀폐용기,41.636,44.51,46.82,46.98,46.767,48.11,49.365,49.577,53.786,54.708,54.405,54.536,54.047,53.897,55.932,62.726,63.369,65.251,67.928,73.5,71.053,77.448,83.784,84.793,90.877,100,101.19,96.81,101.91,99.83
        부엌용용구,,,,,,,,,,,,,,,,55.92,56.055,56.167,57.443,58.716,66.2,94.559,99.321,98.952,99.132,100,100.03,102.47,104.99,106.73
        보일러,108.394,106.675,105.015,104.396,104.086,103.234,102.358,101.489,96.776,95.451,94.437,91.131,87.196,86.174,85.701,85.306,87.758,89.535,94.966,95.755,95.289,97.702,100.235,100.359,100.271,100,99.91,100.17,100.6,101.08
        건전지,52.419,53.647,54.577,62.054,65.724,67.996,71.548,73.994,79.806,76.475,73.405,72.347,73.98,76.409,79.559,82.399,83.765,86.526,86.841,90.96,93.59,95.111,96.531,97.185,97.676,100,103.81,107.55,108.5,110.96
        디지털도어록,,,,,,,,,,,,,,,,,,,,,84.58,85.511,89.092,101.085,104.508,100,99.59,100.85,102.04,97.92
        세탁세제,62.884,63.102,63.412,63.78,62.611,64.031,67.366,70.328,85.381,80.472,75.046,81.331,87.146,89.266,92.324,91.098,87.477,97.224,104.004,106.972,103.055,108.147,109.618,99.908,100.577,100,91.24,89.58,87.63,87.14
        섬유유연제,,,,,,54.701,54.86,56.934,65.675,65.94,64.892,63.789,62.242,63.145,65.308,69.948,72.856,77.863,86.151,96.158,88.648,97.492,101.06,89.765,91.502,100,95.02,89.07,88.12,86.56
        전구,51.073,52.678,56.988,58.415,60.288,62.633,66.579,72.942,86.708,83.796,80.92,80.458,79.766,79.666,81.207,81.714,81.83,81.898,82.443,83.097,83.539,87.856,98.786,99.334,97.535,100,100.23,95.8,93.6,92.4
        부엌용세제,30.359,32.579,34.148,40.387,42.248,44.417,45.135,47.374,62.257,61.887,60.325,64.719,68.937,70.732,75.286,77.199,77.283,77.476,80.062,87.761,88.791,91.544,97.476,98.069,98.264,100,101.89,101.53,96.67,96.85
        청소용세제,,,,,,,,,,,,,,,,62.814,69.494,74.614,81.315,86.771,88.181,89.93,98.558,99.579,99.669,100,100.37,100.96,101.48,108.91
        살충제,48.353,48.296,48.763,49.988,49.247,48.345,48.534,48.482,61.247,68.4,66.277,64.151,65.399,67.63,70.282,73.568,73.904,73.598,75.315,79.374,81.2,87.859,94.381,96.353,97.996,100,97.68,101.82,103.29,100.95
        가정용비닐용품,39.766,44.869,46.496,46.535,47.052,47.704,49.345,49.584,56.658,56.976,56.293,56.532,57.071,60.13,60.402,63.721,68.737,70.415,75.532,78.16,81.041,88.228,92.551,94.887,98.378,100,99.73,100.67,105.24,116.83
        키친타월,,,,,,,,,,,,,,,,67.58,68.909,71.848,74.596,86.174,88.738,97.332,100.148,101.126,100.281,100,99.05,97.41,97.53,99.88
        방향제,,,,,,,,,,,,,,,,85.782,89.335,90.071,90.564,95.912,99.788,98.823,99.531,98.957,99.929,100,101.06,103.62,105.29,106.36
        습기제거제,,,,,,73.206,72.163,71.62,75.872,73.206,69.418,71.547,78.859,82.481,82.706,76.968,78.02,75.775,77.327,84.465,86.07,93.607,95.952,97.319,94.53,100,105.76,110.25,110.02,101.98
        가사도우미료,15.111,20.016,26.473,28.336,31.127,34.628,38.893,44.063,45.494,45.594,46.17,49.948,52.634,57.287,62.143,63.516,64.173,69.882,73.063,74.185,80.582,85.108,91.199,93.139,96.154,100,101.85,105.5,115.74,120.68
        간병도우미료,,,,,,,,,,,,,,,,74.258,75.539,78.992,82.891,84.853,87.78,90.063,91.656,96.093,98.52,100,101.59,105.13,112.41,117.62
        감기약,41.702,49.211,49.236,49.412,56.991,60.228,62.488,61.704,61.634,59.536,63.436,66.439,68.775,71.413,72.475,73.427,73.824,76.817,84.893,86.49,86.876,89.453,91.741,93.681,95.341,100,102.83,104.04,107.46,110.66
        진통제,38.304,38.48,38.527,38.49,38.027,37.735,37.659,37.37,38.175,37.621,38.851,48.241,54.475,63.525,66.299,69.958,74.691,83.975,89.052,90.899,91.657,92.711,93.658,95.8,98.644,100,107.31,110.39,110.69,114.08
        소화제,30.909,30.871,38.375,39.373,39.05,38.782,39.506,46.073,51.237,53.144,49.618,62.714,62.8,63.437,63.64,66.322,70.417,71.423,72.793,78.655,80.758,85.106,90.33,92.988,96.037,100,100.73,101.12,101.73,111.11
        정장제,,,,,,79.521,79.547,78.659,76.605,72.496,72.689,71.023,70.605,71.835,71.665,77.722,89.62,89.53,89.199,89.096,89.48,94.781,98.664,99.55,99.6,100,100.61,101.66,102.57,105.33
        위장약,56.438,57.642,59.359,59.58,59.899,61.029,61.354,60.896,62.101,61.593,54.854,78.59,78.928,78.512,78.206,78.574,79.327,79.503,82.685,85.684,88.008,89.526,91.907,94.065,96.699,100,101.61,103.4,105.78,108.73
        진해거담제,,,,,,,,,,,,,,,,87.206,88.805,89.801,90.149,90.658,91.036,91.62,91.914,92.558,93.889,100,101.38,108.34,117.82,126.33
        소염진통제,102.022,103.202,104.398,104.07,102.089,101.137,100.96,100.294,102.401,100.26,92.472,88.135,84.684,82.734,80.97,80.317,80.035,79.68,79.868,81.863,84.687,87.284,92.483,95.421,98.304,100,101.12,103.78,107.15,109.3
        피부질환제,56.875,57.819,59.086,59.164,58.561,58.944,59.17,60.284,67.2,74.632,78.614,81.339,83.31,84.621,82.885,82.29,84.25,88.809,91.058,91.202,90.955,92.464,96.638,98.11,99.478,100,100.57,101.31,102.43,109.35
        치과구강용약,,,,,,,,,,,,,,,,,,,,,,,,,,100,100.47,99.91,99.5,106.56
        조제약,,,,,,,,,,,121.956,121.343,121.261,120.546,120.69,120.78,121.897,122.471,121.051,121.263,121.907,120.78,108.269,101.938,99.919,100,98.75,97.49,96.29,95.1
        한방약,,,,,,,,,,,,,,,,81.147,81.018,81.16,83.087,84.893,86.049,91.248,94.49,97.074,98.506,100,101.26,101.95,104.77,113.33
        인삼,29.735,42.643,34.833,32.43,40.512,51.676,53.23,59.065,47.383,50.681,56.507,55.123,61.4,75.742,76.471,77.909,78.506,69.223,65.224,65.321,65.062,81.322,93.516,94.776,101.602,100,97.81,97.01,100.48,99.4
        홍삼,,,,,,,,,,,,,,,,,,,,,91.098,88.753,92.266,95.623,100,100,100,100,100,100
        비타민제,54.768,54.252,56.039,56.285,56.243,55.843,56.141,58.579,57.267,57.537,58.612,59.061,64.413,68.999,70.522,70.779,71.056,74.989,79.194,81.358,85.924,88.566,93.487,98.817,99.773,100,99.82,99.83,99.37,99.18
        건강기능식품,,,,,,,,,,,91.139,91.139,91.139,91.139,91.139,91.139,91.139,91.139,91.139,91.139,90.387,90.387,90.387,94.581,96.678,100,100.4,98.85,94.87,93.97
        병원약품,,,,,,,,,,,,,,,,,,,,,,,,,,100,98.61,97.08,95,93.92
        종이기저귀,,,,,,64.464,66.785,66.989,74.469,74.834,73.443,74.116,75.469,75.358,78.847,82.624,86.458,86.851,87.938,89.529,90.066,93.653,94.231,94.761,96.452,100,99.25,97.79,93.4,95.15
        생리대,33.813,34.401,34.815,36.528,36.644,40.056,42.73,42.68,53.923,61.427,61.439,66.364,70.844,72.426,70.455,70.358,69.819,71.747,73.723,79.052,80.266,85.583,91.57,97.048,99.795,100,98.97,98.57,97.95,97.63
        안경,85.808,95.363,101.191,103.586,106.54,106.781,106.701,100.187,100.908,100.587,98.272,97.413,98.706,99.64,100.319,100.524,99.569,99.294,99.117,99.318,99.293,99.599,99.535,100.022,99.704,100,99.97,99.72,99.65,98.71
        콘택트렌즈,,,,,,,,,,,103.678,102.269,101.992,102.338,101.845,101.984,101.882,101.848,102.043,102.137,102.06,102.196,101.277,100.162,100.089,100,99.37,98.44,97.11,94.7
        의료측정기,,,,,,,,,,,,,,,,,,,,,107.673,106.246,104.775,102.045,100.93,100,101.22,100.37,99.38,98.7
        보청기,,,,,,,,,,,,,,,,,,,,,,,,,,100,100.63,101.35,101.36,101.36
        건강기기렌탈비,,,,,,,,,,,,,,,,,,,,,,,,,,100,100,100,100,100
        치료재료,,,,,,,,,,,,,,,,,,,,,,,,,,100,102.03,101.18,98.83,99.22
        외래진료비,,,,,,,,,,,,,,,,82.437,84.896,87.155,88.935,91.016,93.077,94.543,95.259,96.232,98.035,100,102.31,104.94,107.52,109.91
        건강검진비,,,,,,,,,,,,,,,,84.35,87.521,89.805,92.09,93.313,94.081,94.88,96.981,98.6,99.509,100,101.13,101.7,102.42,103.32
        한방진료비,13.93,14.176,14.858,15.747,16.25,17.838,20.058,24.692,32.411,34.839,38.005,58.21,56.94,58.21,59.801,61.582,63.732,65.154,70.389,79.01,85.23,89.15,92.474,94.963,97.563,100,102.24,105.26,108.29,107.14
        약국조제료,,,,,,,,,,,,,,,,,,,,,,,,,,100,103.06,106.66,109.72,113.19
        치과진료비,,,,,,,,,,,71.86,81.398,81.285,84.207,86.728,88.075,90.108,93.448,96.662,100.068,101.55,103.082,104.588,102.144,99.77,100,101.94,103.94,104.69,103.6
        치과보철료,,,,,,,,,,,71.86,81.398,81.285,84.207,86.728,88.075,90.108,93.448,96.662,100.068,101.55,103.082,104.588,102.144,99.77,100,99.44,98.98,97.44,95.41
        입원진료비,,,,,,,,,,,,,,,,79.493,81.573,83.898,86.547,87.925,91.24,92.92,95.878,97.593,98.911,100,101.52,103.1,101.98,101.91
        병원검사료,,,,,,,,,,,,,,,,82.437,84.896,87.155,88.935,91.016,93.077,94.543,95.259,96.232,98.035,100,102.76,105.88,97.46,88.29
        소형승용차,82.272,84.663,89.242,89.556,89.766,89.916,89.916,89.631,88.019,87.196,88.552,91.128,91.608,93.593,91.956,92.787,96.408,96.724,97.629,97.537,97.737,99.334,99.998,101.284,101.333,100,101.86,102.5,102.44,101.68
        중형승용차,106.605,106.605,102.114,96.896,96.92,97.098,97.592,97.673,95.278,93.132,93.642,94.118,93.322,94.906,91.489,91.864,94.542,95.912,97.137,97.007,99.662,99.272,99.732,100.793,100.577,100,97.77,98.21,98.75,96.62
        대형승용차,,,,,,103.473,103.473,103.818,101.482,98.093,98.413,99.324,98.742,100.365,97.003,96.739,100.35,100.624,101.687,100.914,102.3,103.997,102.8,103.101,102.225,100,99.24,102.31,102.42,101.84
        경승용차,,,,,,76.722,76.722,76.722,76.78,76.953,77.912,81.89,82.124,82.372,82.878,84.937,88.956,90.25,86.797,87.158,88.884,93.122,94.901,97.023,96.955,100,97.78,102.16,102.29,103.47
        다목적승용차,,,,,,,,,,,91.538,94.505,94.758,95.772,93.156,93.263,95.532,95.649,95.757,96.612,99.091,100.247,100.159,101.539,100.643,100,100.15,99.79,98.57,96.89
        수입승용차,,,,,,,,,,,,,,,,,,,,,104.747,101.509,99.148,100.973,102.146,100,102.31,102.95,99.23,97.9
        자전거,28.965,31.325,36.393,38.122,41.795,43.499,43.749,46.755,59.016,59.346,57.354,57.98,56.685,55.93,55.409,56.193,56.694,58.6,71.938,87.261,83.262,85.413,92.462,94.168,97.291,100,99.57,97.85,101.42,100.08
        휘발유,24.631,30.769,35.673,39.087,37.808,38.283,43.279,54.149,71.716,76.591,80.436,82.762,82.5,84.276,88.76,93.325,97.182,99.749,111.305,104.57,112.935,126.65,131.24,127.074,120.969,100,93.01,98.98,104.88,97.39
        경유,13.394,13.394,14.641,15.755,16.718,17.622,22.134,28.277,40.583,38.641,45.616,48.406,51.318,58.701,68.449,81.237,92.387,96.361,122.181,106.279,115.545,133.256,138.68,132.562,125.806,100,91,98.79,107.01,102.84
        자동차용LPG,,,,,,,,,,,43.868,54.063,56.228,69.812,82.947,88.792,92.314,95.518,124.25,102.533,117.765,133.175,136.6,132.828,130.52,100,90.94,102.52,108.39,99.91
        자동차용품,,,,,,,,,,,,,,,,,,,,,124.274,110.135,98.855,115.826,105.271,100,97.45,95.4,93.4,92.71
        자동차타이어,,,,,,,,,,,67.872,70.904,70.797,71.113,71.894,72.069,74.568,78.004,86.484,89.067,92.243,103.512,104.02,103.047,102.193,100,97.92,97.96,92.73,90.76
        자동차수리비,,,,,,,,,,,,,,,,84.699,90.317,91.129,93.839,95.617,96.43,98.383,99.298,99.259,99.727,100,100.58,101.31,103.14,104.98
        엔진오일교체료,57.628,57.628,57.718,58.478,56.484,56.564,56.248,55.852,62.686,57.021,55.192,55.022,55.096,55.514,60.228,62.803,65.608,67.33,77.604,85.244,86.924,92.401,95.058,96.457,98.529,100,100.41,102.1,107.34,110.87
        세차료,,,,,,45.911,48.187,49.457,51.635,50.506,50.597,51.635,54.207,58.812,60.832,61.708,63.626,65.462,69.278,71.767,75.43,79.911,85.123,89.914,94.742,100,105.17,110.24,117.25,124.65
        자동차학원비,44.954,47.569,50.076,52.234,55.923,58.891,62.369,62.875,62.875,63.356,68.589,69.538,70.041,71.099,72.231,70.51,69.987,76.979,87.58,87.527,87.688,86.92,91.231,95.246,96.22,100,104.9,135.87,151.82,161.17
        주차료,20.484,30.945,41.517,41.854,42.806,61.095,64.76,81.905,86.99,87.901,88.59,89.343,90.007,90.118,89.742,90.871,91.772,92.037,91.848,92.159,92.56,94.75,95.12,98.277,99.559,100,102.28,104.04,104.31,105.77
        도로통행료,,,,,,68.12,68.12,73.978,76.907,79.11,83.516,83.516,87.302,89.195,94.345,95.375,99.134,99.476,97.028,96.805,96.805,97.071,100,100,100,100,104.11,104.04,102.7,102.49
        승용차임차료,,,,,,65.612,65.723,65.356,65.563,65.547,66.86,67.021,67.216,65.684,65.249,65.232,66.738,66.559,67.33,75.912,82.517,82.627,86.865,100.218,100.134,100,100.01,99.83,99.61,99.72
        대리운전이용료,,,,,,,,,,,,,,,,95.403,95.339,97.239,100.3,98.718,98.353,98.787,99.541,99.72,98.921,100,103.32,105.47,108.06,111.16
        자동차검사료,,,,,,,,,,,118.024,123.022,77.165,100,100,100,100,100,100,100,100,100,100,100,100,100,103.77,109.05,109.05,109.05
        열차료,32.018,34.958,36.695,42.009,47.093,50.215,56.382,59.04,62.26,64.235,66.947,70.853,75.474,77.583,83.846,83.016,83.915,91.899,93.31,93.31,93.31,93.536,96.016,96.016,96.016,100,100,98.34,97.15,97.15
        도시철도료,16.798,20.869,20.869,24.65,29.577,30.16,33.565,35.51,37.455,41.205,44.296,49.551,49.551,55.049,61.883,71.515,72.266,79.167,81.169,81.169,81.169,81.494,90.811,92.576,92.955,100,105.94,107.57,107.93,107.93
        시내버스료,13.263,15.629,18.711,22.263,25.042,28.797,32.737,35.852,43.842,44.355,48.194,53.069,53.199,59.78,63.463,70.162,71.32,78.983,80.52,80.52,80.848,83.947,91.634,93.827,95.514,100,104.94,105.91,105.67,107.01
        시외버스료,17.51,20.97,25.987,31.904,36.064,40.151,43.678,47.309,58.836,58.836,61.174,64.421,68.643,70.05,74.241,78.432,81.229,86.824,87.726,90.431,92.09,94.4,94.4,98.99,99.992,100,100,99.98,99.84,111
        고속버스료,23.883,28.182,30.693,36.595,40.905,44.964,48.781,52.667,62.201,62.201,64.514,67.712,72.017,73.452,76.676,79.9,81.871,85.813,87.131,91.086,93.053,95.876,95.876,99.313,100,100,100,100,100,106.63
        택시료,26.063,28.827,31.161,32.494,39.891,42.317,44.729,44.891,52.415,54.348,54.369,55.746,62.334,63.557,63.557,65.775,72.534,73.29,73.789,82.485,86.252,86.252,86.252,93.945,100,100,100,100.43,101.32,113.91
        국내항공료,32.775,39.588,42.713,45.504,45.504,45.504,44.044,43.491,55.697,57.547,65.786,71.661,79.285,79.422,83.351,86.626,86.143,86.453,95.153,87.818,89.601,96.769,101.635,106.87,107.315,100,97.93,102.83,107.37,108.61
        국제항공료,,,,,,52.34,52.314,53.36,62.314,65.966,67.964,69.533,72.087,75.638,80.497,87.299,92.472,94.079,105.297,93.446,102.945,113.987,117.837,114.314,111.646,100,98.77,101.73,107.2,105.89
        여객선료,,,,,,,,,,,,,,,,77.658,80.544,81.475,86.198,88.799,91.592,95.148,102.094,98.235,97.829,100,99.35,101.04,101.76,102.65
      기타 여객운송,48.231,51.96,56.674,65.174,69.406,73.162,79.034,84.1,88.924,88.015,85.68,83.359,83.252,82.795,79.061,76.623,76.329,75.493,76.01,76.552,77.586,83.14,86.84,91.383,96.332,100,102.05,103.19,105.22,107.35
        이삿짐운송료,38.358,41.326,45.079,51.824,55.195,58.186,62.856,66.886,70.722,69.999,68.148,66.921,67.455,67.552,65.439,63.565,64.571,66.117,68.299,69.358,71.65,79.306,84.496,88.904,94.463,100,103.16,105.54,109.01,111.55
        택배이용료,,,,,,,,,,,120.184,115.576,114.154,112.522,105.492,101.817,99.441,94.715,92.594,92.339,91.44,91.554,91.414,96.221,99.972,100,100.45,99.82,99.71,101.23
        우편료,44.752,45.906,45.906,47.445,49.07,52.542,58.61,60.911,65.513,65.513,65.513,65.513,73.865,73.865,74.821,79.598,80.394,84.374,84.374,84.374,84.374,85.893,90.449,94.429,100,100,100,106.81,109.07,117.47
        휴대전화기,,,,,,"1,760.58","1,696.17","1,575.57","1,223.60","1,159.05",803.185,762.225,604.681,392.992,311.476,242.073,184.54,141.592,131.446,125.273,121.773,117.074,112.407,109.037,105.514,100,100.28,101.89,102.93,102.26
        유선전화료,130.784,125.455,125.216,120.388,114.46,108.542,108.542,105.521,106.859,107.131,107.131,106.22,104.355,100.141,98.802,98.239,98.239,98.239,98.239,98.239,98.239,98.239,98.239,98.239,99.411,100,100.15,100.14,100.14,100.14
        휴대전화료,,,,,,188.799,188.799,168.032,154.06,152.424,137.41,131.078,122.915,115.873,114.144,111.156,111.156,109.34,107.376,107.339,105.802,103.616,100,100,100,100,100,100,98.43,95.19
        인터넷이용료,,,,,,,,,,,106.61,103.305,100,100,100,100,100,100,100,100,100,100,100,100,100,100,100,100,100,100.07
        휴대전화기수리비,,,,,,,,,,,,,,,,,,,,,,,,,,100,104.91,109.95,111.62,114.03
        TV,976.392,975.565,965.72,964.619,937.703,825.979,797.412,755.426,735.256,695.468,621.293,624.244,595.979,512.429,440.63,383.325,302.795,239.195,212.171,193.707,166.299,159.301,131.142,125.103,112.781,100,91.21,83.3,74.43,69.08
        영상음향기기,242.558,239.889,239.889,239.163,234.311,220.769,217.089,214.827,209.381,198.637,174.51,169.276,165.902,158.923,156.335,154.921,146.957,132.719,119.411,120.599,112.315,98.209,93.51,100.706,99.663,100,100.35,97.71,95.11,93.98
        사진기,600.923,601.169,601.657,600.235,596.162,589.043,556.008,550.364,568.28,555.91,532.452,511.773,494.156,456.793,427.151,415.002,295.298,218.551,188.669,176.944,169.314,149.351,126.851,112.157,102.353,100,113.02,106.99,98.65,93.46
        컴퓨터,"1,254.05","1,237.64","1,219.77","1,178.81","1,116.31",825.791,662.56,526.786,478.408,464.164,404.981,369.584,350.115,315.562,300.918,270.223,212.563,175.211,156.658,162.219,133.637,123.257,111.183,106.708,101.148,100,101.89,103.1,101.52,98.76
        컴퓨터수리비,,,,,,,,,,,,,,,,,,,,,,,,,,100,102.08,102.08,104.93,104.93
        휴대용멀티미디어기기,,,,,,,,,,,,,,,,,,,,,130.036,120.996,112.252,108.374,106.386,100,104.35,110.15,115.11,116.54
        프린터,,,,,,364.723,364.723,363.81,389.584,382.713,374.961,329.329,253.818,185.589,176.401,170.888,148.796,117.515,103.827,116.062,124.332,114.591,100.148,95.995,97.407,100,108.47,108.56,110.51,118.3
        컴퓨터소모품,,,,,,,,,,,,,,,,74.403,73.553,74.366,75.922,85.836,86.872,86.141,90.13,91.517,91.566,100,107.18,107.46,104.83,107.99
        저장장치,,,,,,230.756,230.276,223.488,223.43,219.374,210.141,208.967,205.483,203.82,204.065,201.838,201.721,198.308,198.291,216.586,192.303,143.018,135.444,125.354,105.88,100,106.21,119.4,91.71,75
        피아노,48.597,48.636,48.664,50.532,56.6,58.201,62.945,63.212,66.103,65.463,69.991,75.292,77.695,83.596,88.792,88.887,88.813,89.391,89.242,100.145,102.698,101.62,106.078,105.756,101.692,100,100.53,102.39,102.81,104.41
        현악기,35.166,41.469,47.368,53.756,57.463,67.299,69.682,71.768,81.963,83.533,88.004,88.217,87.645,86.303,86.398,86.346,86.101,86.317,87.324,91.418,92.993,93.156,98.432,99.582,99.975,100,97.66,101.49,107.58,109.15
        헬스기구,,,,,,,,,,,,,,,,,,,,,,,,,,100,101.67,101.92,101.24,98.55
        장난감,74.697,76.048,79.248,80.2,82.908,85.23,87.069,88.234,92.417,94.619,90.748,89.183,88.941,88.578,88.132,89.841,90.679,91.472,91.689,98.232,99.4,98.836,97.899,96.831,97.765,100,104.47,105.23,105.99,105.88
        레저용품,34.665,41.691,42.602,48.348,50.85,54.205,59.281,63.504,68.526,69.249,72.657,74.007,73.807,75.078,75.066,74.704,76.95,78.967,79.222,80.628,80.92,86.275,90.478,95.667,98.045,100,103.56,104.09,100.89,100.88
        운동용품,107.101,107.101,107.101,107.101,107.603,107.639,107.532,107.828,107.954,107.658,107.084,106.619,106.28,105.513,103.542,101.034,98.584,97.278,96.95,102.221,103.796,103.605,103.137,102.053,101.192,100,102.07,98.39,99.75,92.78
        생화,27.15,29.084,30.455,30.788,35.074,32.701,38.974,44.072,42.331,43.713,45.558,51.961,55.51,57.985,59.507,62.413,67.499,70.775,71.264,75.086,84.716,85.718,92.008,93.033,99.605,100,109.88,110.58,124.6,125.92
        원예용품,,,,,,,,,,,,,,,,,,,,,95.822,96.98,99.281,100.102,100.406,100,99.59,98.9,99.05,99.12
        애완동물용품,,,,,,,,,,,62.668,62.359,60.986,61.017,62.699,64.418,64.149,64.058,68.599,81.916,83.989,89.427,92.715,95.19,98.797,100,102.37,103.02,100.78,100.13
        애완동물관리비,,,,,,,,,,,,,,,,76.991,77.537,78.609,80.758,87.028,88.38,94.108,96.561,98.24,99.415,100,102,103.04,104.61,102.63
        수영장이용료,,,,,,59.09,62.615,65.343,69.222,69.478,70.912,73.441,75.108,77.134,78.729,80.592,82.398,83.11,84.729,87.609,90.073,92.213,93.835,95.063,98.626,100,102.47,103.28,104.87,108.25
        스키장이용료,,,,,,,,,,,,,,,,75.328,80.783,83.475,86.35,88.559,91.136,93.231,94.523,95.996,97.122,100,103.47,107.58,107.07,112.38
        볼링장이용료,,,,,,61.858,63.435,65.501,66.491,65.388,60.652,61.334,62.739,67.046,70.053,71.951,73.252,75.302,78.683,81.015,82.687,86.491,89.331,92.887,97.075,100,102.45,105.81,108.99,111.16
        헬스클럽이용료,,,,,,,,,,,86.585,86.296,86.174,87.27,86.78,87.494,87.166,87.567,89.405,90.673,92.262,95.038,97.632,99.159,100.062,100,100.7,101.49,101.62,103.41
        골프연습장이용료,,,,,,96.032,97.28,97.768,93.518,88.884,91.125,90.525,91.224,95.621,97.033,97.352,97.652,100.273,101.944,103.477,104.863,104.129,104.103,103.402,101.006,100,98.92,97.48,96.81,96.86
        골프장이용료,,,,,,,,,,,66.407,68.333,69.037,70.663,73.513,75.571,77.977,82.247,85.465,80.742,82.431,94.937,95.536,96.555,99.104,100,101.96,103.81,105.76,108.15
        당구장이용료,,,,,,78.439,81.922,86.097,92.482,83.921,80.334,83.092,85.823,88.534,88.942,91.212,90.779,91.599,94.055,95.027,95.362,96.014,96.769,98.12,98.542,100,101.37,102.39,104.46,105
        노래방이용료,,,,,,61.268,64.678,65.78,69.343,68.996,68.985,69.169,70.21,71.515,73.366,75.424,75.908,77.039,78.498,85.575,88.719,92.128,93.39,95.992,98.64,100,101.03,102.53,103.66,104.91
        PC방이용료,,,,,,,,,,,114.517,109.88,105.748,106.206,105.548,102.482,98.734,97.76,95.942,96.804,96.078,96.239,97.783,100.015,101.279,100,97.36,98.53,104.28,106.1
        놀이시설이용료,,,,,,,,,,,60.507,62.968,66.139,74.832,77.842,78.619,81.954,83.284,86.697,89.35,91.314,91.482,91.861,94.844,98.992,100,102.69,104.65,109.15,112.62
        레포츠이용료,,,,,,,,,,,,,,,,96.358,96.519,100.503,103.924,105.957,106.993,107.341,109.433,105.196,99.241,100,102.78,105.38,105.74,106.49
        운동경기관람료,28.001,36.416,39.122,39.155,43.934,49.648,51.848,56.992,58.853,58.957,58.986,59.581,60.481,62.512,67.022,69.044,69.912,72.288,78.835,81.953,86.026,90.169,90.803,93.487,96.289,100,103.61,106.03,108.59,109.92
        영화관람료,35.548,40.69,45.09,48.016,50.122,53.377,59.713,61.583,62.939,64.447,65.939,72.225,74.653,75.873,76.587,76.904,77.583,78.834,79.564,84.692,90.214,90.777,91.037,92.09,98.029,100,102.67,103.5,111.16,114.01
        공연예술관람료,,,,,,,,,,,,,,,,69.015,70.758,82.427,86.552,85.016,89.668,89.848,90.12,90.639,98.022,100,101.52,103.02,105.17,104.66
        전시관입장료,,,,,,,,,,,,,,,,74.862,97.567,98.74,97.131,95.839,93.331,90.483,92.237,94.465,97.545,100,101.64,106.31,111.26,113.04
        독서실비,41.212,45.064,47.666,50.055,55.006,59.105,65.175,70.491,74.486,74.2,75.851,76.9,78.095,81.925,83.227,85.415,88.091,90.12,91.785,93.358,94.099,95.322,96.891,98.72,99.461,100,100.39,101.29,102.49,103.15
        문화강습료,,,,,,,,,,,,,,,,,,,,,91.29,92.88,94.878,96.108,98.328,100,100.77,101.75,104.77,107.33
        온라인콘텐츠이용료,,,,,,,,,,,,,,,,103.796,101.547,98.399,98.477,98.503,98.503,98.207,98.207,100.167,100,100,103.75,104.56,104.56,105.87
        방송수신료,94.852,94.852,94.852,94.852,94.852,94.852,92.101,92.101,92.101,92.101,92.101,92.101,94.043,96.2,96.338,96.246,96.246,96.791,97.168,98.404,98.989,99.574,100.37,99.947,99.995,100,99.88,99.34,99.36,99.44
        사진서비스료,51.102,52.307,54.19,58.938,59.245,60.178,63.091,66.647,80.437,73.698,72.058,71.313,71.289,71.938,72.712,71.932,72.711,74.341,76.984,82.804,86.481,89.76,94.127,95.646,97.521,100,101.88,104.72,106.85,109.65
        유아용학습교재,,,,,,,,,,,,,,,,,,,,,90.943,90.837,93.802,95.707,95.917,100,100.52,103.12,103.12,103.15
        초등학교학습서,18.065,18.995,19.549,21.917,22.711,25.891,30.1,31.416,33.004,39.273,39.624,45.472,50.297,55.759,56.753,58.622,59.37,62.283,66.271,74.013,78.86,85.411,88.137,89.29,91.945,100,101.56,105.47,110.2,113.24
        중학교학습서,23.591,25.099,25.186,26.593,26.935,30.601,42.208,48,49.7,53.802,55.601,56.824,60.964,66.428,67.827,68.95,73.633,75.287,76.46,85.739,87.161,88.715,90.992,95.428,99.498,100,100,100,101.39,106.23
        고등학교학습서,40.413,42.695,43.523,48.159,49.998,53.704,56.994,60.256,62.82,66.45,69.01,71.224,73.237,85.717,89.143,89.794,94.973,95.744,98.057,98.64,98.131,99.741,99.914,99.894,99.894,100,101.72,103.33,105.23,108.11
        교과서,32.676,35.196,37.359,39.262,40.9,42.83,51.76,54.412,53.334,53.334,52.154,55.118,60.584,57.395,55.521,51.637,51.013,49.946,39.433,43.135,44.812,61.208,70.547,81.135,91.487,100,100,100,85.93,76.15
        대학교재,,,,,,,,,,,81.972,82.813,84.425,87.076,87.964,89.825,92.96,94.308,94.473,96.269,96.628,96.628,96.628,96.628,96.628,100,102.36,102.36,102.69,104.33
        서적,42.2,42.2,42.2,42.2,42.2,51.589,57.071,58.377,62.423,62.784,64.59,64.913,66.528,67.249,67.346,67.739,69.556,73.886,75.816,76.291,80.103,82.559,86.908,91.897,96.677,100,100,102.29,102.71,102.94
        신문,26.91,32.132,33.821,40.013,40.576,45.642,51.694,54.086,56.337,60.84,66.768,67.619,77.732,81.671,81.387,81.103,81.103,81.103,94.843,100,100,100,100,100,100,100,100,100,105.56,111.11
        공책,33.962,34.179,36.215,36.974,38.305,46.286,56.986,60.511,63.615,63.634,63.65,64.62,63.703,64.853,64.175,63.74,63.379,63.224,64.462,73.779,75.163,85.896,88.215,88.188,97.293,100,100.79,100.84,101.61,104.23
        스케치북,45.329,47.143,51.146,54.668,56.376,70.446,77.044,76.915,76.839,73.323,72.29,72.001,71.808,72.597,72.26,71.519,71.734,71.149,74.75,89.501,91.723,96.103,97.335,98.244,99.678,100,99.76,98.51,97.42,98.75
        복사용지,49.155,51.179,56.841,63.834,68.172,83.155,89.641,86.925,98.449,86.391,84.083,83.446,82.535,81.841,81.063,80.791,80.468,78.805,83.693,98.491,101.834,105.262,106.341,106.057,103.421,100,98.08,96.9,101.22,103.58
        기타문구,,,,,,,,,,,,,,,,,,,,,73.626,79.541,89.155,91.402,97.25,100,101.34,103.45,107.03,108.97
        필기구,29.983,34.778,36.439,37.066,41.34,51.161,52.189,52.649,62.117,62.923,63.151,63.725,64.014,64.24,64.814,64.877,64.926,65.023,70.531,81.64,82.117,91.984,95.152,95.635,97.598,100,101.14,102.35,102.8,103.69
        회화용구,42.939,48.784,52.446,53.778,55.276,61.048,61.302,61.599,74.222,74.769,73.939,73.983,74.02,73.819,73.613,73.32,73.265,73.064,74.756,82.421,84.468,88.783,93.345,94.026,96.996,100,100.13,100.22,100.39,104.77
        국내단체여행비,,,,,,,,,,,80.717,84.014,87.727,94.67,92.154,91.229,92.75,91.306,92.53,94.515,99.854,102.167,106.525,108.102,107.287,100,100.61,102.83,103.04,101.13
        해외단체여행비,,,,,,,,,,,67.892,69.482,66.817,67.609,73.2,85.582,86.859,86.217,97.716,89.791,92.195,99.371,102.323,105.804,105.833,100,103.03,100.38,101.2,99.58
        유치원납입금,22.785,26.227,28.88,31.544,35.451,42.015,48.113,52.583,54.775,55.282,58.74,64.403,70.361,75.824,82.09,88.811,96.353,105.241,114.211,120.969,128.012,132.312,120.645,93.339,92.838,100,102.74,103.85,105.78,105.63
        고등학교납입금,38.914,41.088,45.91,50.26,55.427,64.351,70.922,75.234,75.928,81.722,88.309,89.936,95.772,101.888,106.707,109.626,113.005,117.48,120.093,120.458,120.458,103.092,99.715,99.757,99.813,100,100.1,100.39,100.47,86.9
        전문대학납입금,16.31,20.165,24.707,29.798,34.847,40.575,47.655,52.977,54.073,54.228,57.907,61.179,65.753,70.587,75.983,81.05,86.453,92.788,99.759,103.284,104.351,105.03,101.659,100.257,100.029,100,100,100,100.07,100.08
        국공립대학교납입금,24.43,26.469,28.896,32.085,35.656,40.109,45.072,48.137,49.274,50.324,54.552,58.107,63.188,69.861,77.742,84.133,90.274,98.008,106.344,108.602,109.537,109.938,102.508,100.532,100.164,100.01,99.84,99.52,98.66,98.43
        사립대학교납입금,22.115,25.453,29.13,34.033,38.651,43.973,50.453,54.374,55.445,55.753,59.899,63.489,67.572,72.379,77.237,81.317,86.501,92.585,99.233,100.771,101.875,104.032,101.549,100.489,100.114,100,99.99,99.93,99.52,99.07
        국공립대학원납입금,,,,,,38.788,44.314,49.028,50.91,51.329,55.169,58.764,62.939,67.509,72.007,76.023,82.85,90.158,97.657,98.936,99.958,100.258,100.103,100.058,100.013,100.01,100.25,100.36,100.66,101.23
        사립대학원납입금,,,,,,32.506,38.226,41.216,41.98,44.039,49.588,53.431,58.209,63.962,70.244,77.167,81.502,86.789,92.512,94.095,95.651,97.851,97.918,98.411,99.365,100,100.49,100.99,101.54,101.99
        초등학생학원비,28.708,32.453,36.037,40.396,43.972,46.942,50.839,54.862,59.189,58.313,58.377,60.293,62.185,63.47,65.644,67.259,69.221,73.138,77.897,81.153,85.074,88.406,92.495,95.709,98.417,100,102.08,103.13,104.83,105.9
        중학생학원비,,,,,,,,,,,,,,,,67.851,72.192,75.623,79.727,82.011,83.719,86.383,91.049,95.205,97.073,100,101.87,102.88,104.71,106.59
        고등학생학원비,24.707,26.338,28.514,30.82,32.175,38.076,43.518,46.183,47.399,47.561,49.11,51.659,54.45,57.99,60.686,63.207,67.251,71.363,76.034,78.177,80.816,84.749,89.861,94.526,97.431,100,102.94,105.22,107.55,109.54
        음악학원비,31.058,34.461,37.291,41.203,45.058,50.214,53.344,57.446,60.07,59.982,60.883,62.563,64.329,67.277,69.435,71.448,73.967,77.742,80.952,83.316,85.597,88.515,93.028,96.193,98.058,100,103.09,106.31,109.5,111.39
        미술학원비,30.89,37.572,39.361,42.551,46.051,48.89,51.807,55.588,56.953,55.881,57.498,59.414,61.691,66.742,69.426,70.121,72.335,75.374,78.704,81.065,84.112,88.275,92.325,95.031,97.621,100,102.85,105.21,107.44,109.95
        운동학원비,,,,,,45.048,47.972,51.264,54.969,55.843,57.643,60.083,61.903,65.189,68.118,70.79,73.504,76.042,80.013,81.529,84.13,87.818,90.286,92.857,96.585,100,103.29,106.35,110,113.41
        전산학원비,41.003,44.109,47.005,49.263,51.325,52.417,56.623,60.611,62.656,62.184,63.811,64.06,64.379,66.288,68.064,69.557,71.169,72.004,74.52,76.41,80.739,84.689,88.822,94.445,97.473,100,101.48,101.69,103.2,104.59
        가정학습지,30.461,32.259,37.374,41.895,45.526,51.147,59.142,62.53,68.602,68.934,75.664,76.938,82.336,83.32,89.147,90.357,90.357,97.232,97.857,97.857,97.857,98.624,99.618,101.305,101.157,100,101.61,101.66,102.06,105.12
        이러닝이용료,,,,,,,,,,,,,,,,85.79,83.896,85.948,88.378,88.793,89.023,95.631,97.367,98.934,98.934,100,101.74,101.74,101.74,110.31
        학교보충교육비,,,,,,,,,,,83.748,86.616,87.286,87.279,89.569,92.313,95.151,96.712,98.312,99.097,99.797,98.7,98.902,98.925,99.738,100,100.03,102,103.47,104.53
        취업학원비,,,,,,42.507,46.378,49.038,50.859,52.024,53.744,57.386,58.483,62.147,65.636,68.757,71.518,74.612,79.475,83.834,86.257,88.593,92.151,95.456,97.397,100,99.85,102.3,106.13,105.06
        외국어학원비,29.501,32.89,35.635,37.334,39.695,43.002,46.592,52.347,54.666,55.07,56.437,59.485,61.475,64.198,66.268,68.123,70.434,74.611,78.607,82.228,85.417,89.715,92.789,95.653,98.328,100,101.84,103.49,105.94,107.96
        운동강습료,50.362,53.854,57.309,58.27,61.25,63.39,66.343,69.75,75.715,72.894,73.486,78.532,80.791,81.937,82.971,82.825,84.012,85.11,87.684,89.402,89.568,91.382,93.809,95.603,98.486,100,101.73,102.75,104.08,106.46
        김치찌개백반,36.643,45.492,51.03,53.385,56.233,61.039,65.26,68.682,69.471,67.966,67.654,68.105,69.47,71.832,74.048,74.512,75.07,75.884,80.099,83.992,86.549,92.327,94.398,96.42,98.604,100,101.28,103.73,106.76,110.32
        된장찌개백반,37.221,45.107,50.332,52.807,55.693,60.256,64.006,68.182,68.594,67.429,67.425,68.256,69.29,71.526,74.178,74.694,75.659,76.176,79.973,83.92,86.098,92.089,94.946,96.887,98.573,100,101.37,103.54,106.98,110.8
        비빔밥,40.045,50.888,56.13,59.158,61.23,63.287,65.819,67.564,68.387,68.904,69.185,69.784,71.958,74.032,76.119,76.592,77.805,78.596,81.928,84.021,86.705,91.815,94.337,96.701,98.131,100,101.54,103.29,106.91,110.44
        설렁탕,37.872,45.811,48.705,51.805,54.378,57.584,60.305,61.951,63.165,62.652,63.669,64.931,66.698,70.021,71.342,72.331,74.062,76.509,79.301,81.99,85.113,91.887,93.979,95.401,97.063,100,101.78,105.14,109.81,112.77
        갈비탕,36.19,42.71,46.265,48.443,50.577,52.462,56.152,57.84,58.916,57.535,58.758,60.438,63.043,66.157,67.969,70.24,72.313,73.858,77.207,80.087,83.469,88.617,90.338,93.152,95.933,100,104.04,108.67,115.2,118.67
        삼계탕,,,,,,56.319,58.421,59.726,61.289,60.294,60.74,62.921,64.941,66.216,68.307,71.185,72.87,74.383,78.584,84.434,87.557,91.869,94.364,96.104,97.979,100,101.28,103.3,106.34,109.02
        해물찜,,,,,,,,,,,,,,,,,,,,,87.618,92.941,96.043,97.427,98.376,100,101.76,103.5,105.72,107
        해장국,,,,,,,,,,,,,,,,,,,,,87.463,93.899,96.504,97.908,98.544,100,101.69,103.4,107.34,109.82
        불고기,40.325,48.883,52.409,55.573,60.275,62.972,66.44,67.652,66.713,64.556,65.059,65.667,69.419,71.403,74.375,77.074,80.678,82.765,84.512,86.928,89.837,94.77,95.482,96.563,98.053,100,103.72,105.79,108.4,111.1
        쇠고기(외식),32.831,39.785,42.401,44.143,47.201,48.598,50.963,51.778,51.567,50.024,51.02,52.088,60.251,64.281,70.344,74.223,78.59,80.872,83.618,86.463,91.585,95.256,96.54,97.186,98.662,100,104.08,106.45,109.77,112.25
        돼지갈비(외식),,,,,,,,,,,55.304,55.595,57.581,60.18,64.378,68.165,70.05,70.902,73.918,78.66,81.971,93.091,94.847,95.61,97.481,100,102.14,104.56,108.52,110.92
        삼겹살(외식),,,,,,,,,,,51.572,51.916,53.393,56.603,61.205,64.626,66.295,67.528,71.998,78.121,80.825,92.834,94.756,95.225,96.979,100,102.38,105.04,108.47,110.71
        오리고기(외식),,,,,,,,,,,,,,,,,,,,,89.588,95.284,96.921,97.557,98.79,100,100.43,101.7,104.23,105.7
        냉면,41.959,48.986,52.38,56.053,58.678,59.972,62.981,66.519,68.129,66.439,67.44,68.474,69.935,72.537,73.143,73.909,74.882,75.578,78.854,80.788,82.69,89.305,92.641,95.121,97.377,100,101.53,103.89,108.16,111.91
        칼국수,28.242,35.569,42.479,46.966,51.297,55.576,58.508,61.944,66.659,65.468,65.691,66.282,67.076,69.495,71.625,71.892,73.714,75.206,81.928,84.618,86.853,92.824,94.915,97.24,98.832,100,101.96,104.33,108.33,111.32
        죽(외식),,,,,,,,,,,,,,,,81.072,81.072,81.072,85.126,89.18,89.18,96.136,98.454,98.454,98.454,100,102.18,102.18,106.64,114.08
        생선초밥,47.127,57.113,61.096,62.929,65.906,69.791,71.763,73.368,74.136,74.793,76.248,77.722,79.501,83.141,85.822,86.24,87.325,87.822,88.936,91.178,92.998,95.051,96.047,97.918,98.987,100,102.25,103.64,105.71,108.14
        생선회(외식),,,,,,80.844,80.4,78.877,78.904,78.109,80.117,78.701,76.552,77.659,79.783,78.928,79.191,80.382,81.69,84.63,92.708,96.416,97.613,99.139,99.52,100,104.28,106.8,111.03,110.11
        자장면,26.513,32.1,35.852,38.769,42.757,45.575,49.544,52.453,59.825,57.709,58.53,59.262,62.758,69.324,70.953,71.252,72.19,74.886,84.681,86.165,87.24,93.339,94.445,96.09,97.308,100,102.81,106.1,110.83,115.04
        짬뽕,27.136,31.886,35.64,38.371,42.173,44.647,48.363,50.949,58.152,57.114,58.083,59.201,62.595,68.147,69.715,70.381,71.455,73.631,82.137,83.709,84.614,90.712,92.151,94.924,97.128,100,103.18,107.3,112.89,117.42
        탕수육,,,,,,62.219,66.301,68.142,71.321,71.181,71.213,71.457,72.709,73.901,74.435,74.981,75.756,77.249,81.354,83.066,84.098,92.829,94.826,96.404,97.911,100,101.91,104.25,107.51,110.58
        볶음밥,,,,,,,,,,,63.425,64.26,67.166,71.611,73.492,74.342,74.95,76.87,84.199,86.119,87.271,92.908,94.174,96.172,97.872,100,102.96,106.66,111,114.39
        돈가스,40.944,48.806,53.662,56.058,59.954,63.596,66.246,67.131,69.708,70.068,70.417,73.299,75.628,77.09,78.006,78.581,80.257,81.842,85.207,88.023,89.065,95.878,97.488,98.513,99.332,100,102.14,103.97,106.7,109.9
        스테이크,,,,,,,,,,,71.502,72.282,72.645,74.326,76.107,78.048,79.07,80.917,84.312,87.318,88.944,92.242,94.976,97.057,98.22,100,102.7,104.66,106.52,109.08
        스파게티,,,,,,,,,,,,,,,,77.744,79.882,81.722,85.668,89.322,90.954,94.191,96.441,98.042,99.373,100,100.77,102.43,104.7,106.24
        라면(외식),,,,,,44.319,46.288,47.259,57.784,58.81,58.715,59.538,61.602,62.635,63.926,63.981,64.679,66.689,76.716,80.533,82.417,86.757,90.005,93.017,96.588,100,103.51,107.89,112.41,116.77
        김밥,,,,,,58.195,60.736,62.293,66.225,65.483,65.41,65.972,67.433,67.177,66.468,66.108,66.175,66.676,77.944,83.206,85.454,89.292,91.136,94.037,97.471,100,104.73,112.85,119.23,125.78
        떡볶이,,,,,,,,,,,,,,,,,,,,,84.407,88.374,90.576,93.757,96.198,100,103.12,105.78,111.46,116.3
        치킨,38.06,40.228,41.987,44.056,46.547,49.549,54.211,56.169,62.847,62.075,62.261,63.169,64.995,67.06,71.268,74.609,76.599,78.632,85.011,91.365,93.697,94.345,96.57,98.616,99.412,100,100.35,101.23,104.01,109.37
        햄버거,45.879,50.472,54.26,58.221,59.925,61.029,61.354,56.731,60.652,67.492,67.492,67.773,70.867,74.242,84.365,84.365,84.365,85.138,87.971,93.526,94.155,99.626,100.195,95.488,97.1,100,100.23,101.35,105.71,108.25
        피자,,,,,,62.308,64.483,64.935,69.064,70.378,70.793,70.74,70.716,71.767,76.386,76.386,76.386,77.767,86.418,90.975,92.25,93.788,96.578,96.578,99.715,100,100,100,101.22,101.62
        커피(외식),29.362,35.246,42.371,42.482,48.461,51.313,56.021,61.076,68.97,67.576,69.041,69.628,71.831,74.362,76.002,77.377,79.376,81.994,84.747,87.068,89.404,91.52,93.799,96.451,97.592,100,100.39,101.14,101.77,104.37
        국산차(외식),34.83,42.728,50.079,50.908,58.081,62.571,68.071,71.688,77.22,75.927,76.982,77.752,80.479,82.928,84.25,85.423,87.445,89.466,91.759,94.464,95.04,96.53,97.797,98.499,99.299,100,99.93,100.16,100.18,100.32
        소주(외식),,,,,,,,,,,72.45,78.071,84.344,87.676,88.992,89.066,89.481,90.268,90.409,90.484,91.529,91.926,91.997,94.69,96.46,100,111.73,117.56,120.43,121.72
        맥주(외식),33.256,36.403,42.652,48.493,53.652,56.384,61.754,65.912,72.282,72.973,75.161,75.818,77.052,79.012,79.82,80.309,81.138,82.196,83.307,85.013,86.519,87.925,89.908,95.276,98.118,100,102.3,104.89,106.87,109.4
        막걸리(외식),,,,,,,,,,,,,,,,,,,,,96.459,97.495,97.841,98.463,99.316,100,101.56,102.64,103.47,105.15
        학교급식비,,,,,,90.902,94.318,97.249,108.339,110.657,111.642,115.911,119.5,124.466,129.442,136.967,142.685,147.969,153.699,160.353,161.818,133.356,108.845,99.489,93.476,100,103.23,105.41,101.06,59.44
        구내식당식사비,,,,,,,,,,,59.818,60.551,61.473,63.018,65.515,68.467,71.097,73.322,76.876,80.538,82.787,87.23,90.808,93.346,95.125,100,102.53,105.37,109.06,112.34
        도시락,,,,,,,,,,,,,,,,,,,,,,,,,,100,100,100,106.55,109.01
        호텔숙박료,53.177,54.772,58.27,61.402,62.213,64.458,70.104,72.215,75.551,76.153,80.335,86.442,94.778,94.188,87.044,83.71,83.424,78.312,77.217,75.41,79.908,83.783,93.719,97.603,98.48,100,100.45,105.13,107.13,104.77
        여관숙박료,41.326,53.194,53.771,54.656,58.709,63.578,67.779,71.891,77.279,79.266,80.106,84.077,86.326,87.274,87.067,86.04,85.467,86.184,87.675,90.134,92.35,94.781,97.098,98.337,99.244,100,100.04,100.11,99.82,99.97
        콘도이용료,,,,,,36.557,36.557,36.849,37.434,38.713,44.745,50.189,53.679,55.618,56.043,59.109,59.922,64.842,67.852,73.915,78.546,90.105,96.605,97.102,96.629,100,101.21,103.61,119.62,120.9
        학교기숙사비,,,,,,,,,,,54.135,57.157,60.539,63.435,66.677,69.332,72.572,76.032,79.66,83.843,87.144,91.124,92.849,94.944,97.84,100,101.42,102.9,104.56,106.38
        휴양시설이용료,,,,,,,,,,,,,,,,,,,,,,,,,,100,102.98,102.98,102.98,105.96
        목욕료,16.55,23.671,26.463,28.55,31.111,33.71,37.176,41.33,52.111,51.776,54.886,58.786,59.765,62.499,62.764,62.578,63.996,66.358,73.068,78.334,81.458,86.155,90.458,93.949,98.095,100,101.5,104.16,108.52,111.87
        찜질방이용료,,,,,,,,,,,,,,,,74.726,74.639,75.386,78.612,82.636,84.703,87.943,91.105,94.206,96.447,100,101.23,103.94,107.42,110.96
        이용료,66.577,67.409,70.374,70.894,71.976,73.364,82.069,83.824,87.651,87.724,87.742,87.15,87.362,88.452,87.801,87.421,87.348,87.37,88.55,89.534,90.874,93.229,95.456,96.932,98.589,100,101.15,101.67,103.94,105.52
        미용료,35.9,38.838,43.693,48.829,51.645,52.82,56.319,59.323,61.503,59.975,61.484,62.475,64.587,67.546,68.509,68.208,68.06,69.207,73.305,77.493,79.963,85.865,89.995,93.545,97.799,100,101.24,102.76,106.02,108.33
        뷰티미용료,,,,,,,,,,,,,,,,,,,,,92.032,93.689,96.397,97.863,99.191,100,101.1,102.69,105.83,107.14
        면도기,46.358,46.5,46.724,46.841,47.25,48.251,50.84,56.188,76.447,84.3,84.269,84.326,84.831,84.971,85.217,86.032,86.513,86.269,86.756,89.939,87.164,88.559,91.45,92.92,93.509,100,106.71,108.64,108.47,105.77
        헤어드라이어,83.093,82.904,83.489,83.691,83.566,83.566,83.455,83.316,90.419,92.376,87.772,83.514,82.687,81.634,83.002,83.295,81.282,81.018,80.331,82.705,83.683,84.367,88.243,89.993,94,100,104.46,104.54,96.07,89.5
        칫솔,64.377,65.443,66.65,68.837,71.626,73.544,74.592,81.069,87.864,87.974,85.565,85.28,84.224,85.18,86.364,89.715,87.742,87.286,87.009,89.169,89.057,88.679,91.536,90.372,87.489,100,98.58,101.25,100.3,99.39
        치약,37.31,37.301,38.885,40.951,41.592,41.805,45.016,50.617,60.94,62.226,59.84,60.952,62.807,67.614,67.046,73.712,79.572,81.409,87.509,89.856,89.916,89.549,88.536,84.456,94.339,100,102.27,94.65,96.43,98.32
        비누,37.244,38.011,38.261,37.73,37.509,37.917,38.754,38.915,46.679,52.004,52.832,52.889,55.671,58.643,63.394,66.668,68.941,69.224,74.541,84.981,87.198,92.343,102.342,103.994,101.384,100,97.3,95.35,91.77,91.6
        샴푸,45.553,44.941,43.038,43.131,43.233,43.428,49.746,59.874,68.924,69.582,70.316,75.809,77.262,76.208,79.236,80.854,84.296,90.494,92.892,103.927,106.199,106.049,108.192,101.268,101.247,100,91.67,78.03,79.54,83.49
        바디워시,,,,,,,,,,,,,,,,,,,,,98.215,98.06,101.832,97.959,102.072,100,104.18,81.26,68.92,66.87
        화장지,49.567,49.646,49.761,51.165,51.374,56.173,59.861,60.107,74.19,70.959,69.181,68.414,68.889,69.244,71.181,72.971,75.002,77.263,84.189,90.98,94.451,99.496,102.583,102.734,100.926,100,99.74,94.68,92.79,94.78
        기초화장품,86.788,83.866,77.248,77.234,76.51,76.3,76.287,76.3,76.421,75.448,75.391,79.951,81.183,79.587,76.698,75.705,80.001,81.641,82.694,88.024,89.934,91.553,93.69,94.778,98.464,100,99.8,100.41,99.61,100.52
        기능성화장품,,,,,,,,,,,,,,,,72.896,67.634,65.386,75.825,79.178,78.928,79.158,78.085,89.676,99.378,100,98.7,97.76,96.29,94.9
        색조화장품,83.884,79.117,69.841,69.876,69.372,69.144,69.121,69.121,69.075,71.298,73.955,70.721,69.568,68.835,67.11,66.002,71.899,84.913,88.373,89.715,90.518,90.677,94.347,94.35,96.965,100,100.25,103.16,102.87,105.48
        모발염색약,,,,,,,,,,,116.235,117.407,116.457,113.746,110.666,111.46,111.72,111.079,108.664,109.045,108.117,107.621,108.472,103.924,92.942,100,100.11,88.97,84.98,84.26
        구강세정제,,,,,,,,,,,,,,,,,,,,,91.071,92.748,95.517,97.987,99.552,100,97.08,94.31,91.57,95.18
        손목시계,93.187,93.117,93.117,93.117,93.117,93.117,93.388,93.581,96.422,97.827,97.834,99.447,99.66,99.44,99.375,99.261,99.293,98.996,98.664,99.343,99.922,99.788,97.373,97.255,98.816,100,100.75,100.61,100.55,100.55
        장신구,,,,,,,,,,,,,,,,,,,,,85.452,96.561,97.275,100,100.432,100,99.45,102.06,104.85,110.77
        가방,47.751,49.396,51,54.332,55.054,55.343,55.473,56.063,57.197,57.966,58.249,59.929,60.077,61.874,58.116,59.548,61.712,63.403,64.152,64.346,65.205,66.596,71.846,81.04,86.969,100,104,105.08,106.7,110.62
        핸드백,28.871,31.642,32.375,37.735,42.47,43.574,43.574,43.574,47.742,56.079,55.15,54.217,72.182,75.306,73.215,75.967,76.942,76.942,79.208,80.632,80.994,85.785,88.113,86.869,96.913,100,102.01,103.56,106.06,106.78
        우산,64.018,66.801,67.851,67.769,68.691,70.015,71.9,73.254,79.584,82.909,82.78,82.581,82.663,82.091,81.932,81.291,80.931,80.694,81.724,85.694,89.073,92.926,96.384,98.636,99.573,100,99.67,99.03,99.17,99.04
        유모차,,,,,,,,,,,,,,,,,,,,,109.496,107.744,103.262,100.782,99.618,100,103.72,111.39,112.69,110.52
        지갑,,,,,,,,,,,,,,,,,,,,,,,,,,100,97.49,101.49,98.15,99.77
        산후조리원이용료,,,,,,,,,,,60.724,63.846,65.698,67.272,71.84,74.688,78.728,86.677,89.565,89.017,90.63,96.823,99.233,99.309,98.746,100,101.37,102.55,104.67,106.56
        보육시설이용료,,,,,,90.124,95.419,99.887,101.411,96.012,96.154,99.865,103.406,108.359,114.457,126.266,134.675,146.209,156.457,164.065,168.232,174.807,126.076,92.772,94.28,100,104.35,104.38,103.1,99.03
        요양시설이용료,,,,,,,,,,,,,,,,,,,,,88.992,88.992,91.217,93.715,96.939,100,101.68,105.73,115.48,122.35
        보험서비스료,,,,,,,,,,,,,,,,,,,,,,,,,,100,123.54,147.61,147.62,152.58
        자동차보험료,,,,,,66.162,73.225,79.215,79.215,74.322,74.322,80.268,79.525,78.466,83.779,86.109,96.492,103.811,107.563,104.32,101.488,102.664,100.685,100,100,100,102.43,102.51,101.74,106.02
        금융수수료,96.442,97.701,97.701,100.194,100.521,100.721,100.721,100.721,100.721,100.721,100.721,100.721,125.377,147.071,153.198,153.198,153.198,146.432,145.079,134.048,134.048,128.161,100,100,100,100,100,99.93,99.92,99.93
        부동산중개수수료,,,,,,,,,,,,,,,,,,,,,101.941,101.941,101.941,101.941,101.941,100,98.68,98.68,98.68,98.68
        행정수수료,42.091,42.091,42.091,42.091,42.091,42.088,42.704,44.78,45.008,52.539,61.363,62.519,72.888,75.071,75.771,76.376,78.445,78.445,92.449,93.722,96.089,96.089,96.484,100,100,100,100,100,100,100
        대입전형료,,,,,,91.914,98.433,106.186,105.505,105.543,100.487,100.32,101.384,101.248,100.563,98.083,98.385,99.733,109.367,106.556,106.323,106.74,104.719,102.339,100.449,100,98.69,98.75,86.33,85.92
        시험응시료,,,,,,,,,,,65.842,67.306,71.054,73.096,74.413,78.924,81.357,85.731,88.079,89.658,87.884,87.789,91.816,92.454,97.546,100,102.75,104.1,104.56,106.43
        장례비,,,,,,,,,,,,,,,,86.32,86.348,87.125,89.031,91.175,92.232,94.838,96.82,97.558,98.286,100,102.36,104.4,105.24,106.24
